[{"model": "foodcartapp.restaurant", "pk": 1, "fields": {"name": "Star Burger Арбат", "address": "Москва, ул. Новый Арбат, 15", "contact_phone": "+7 (967) 157-44-13"}}, {"model": "foodcartapp.restaurant", "pk": 2, "fields": {"name": "Star Burger Цветной", "address": "Москва, Цветной бульвар, 11с2\"", "contact_phone": "+7 (929) 949-55-36"}}, {"model": "foodcartapp.restaurant", "pk": 3, "fields": {"name": "Star Burger Европейский", "address": "Москва, пл. Киевского Вокзала, 2", "contact_phone": "+7 (929) 680-47-58"}}, {"model": "foodcartapp.productcategory", "pk": 1, "fields": {"name": "Бургер"}}, {"model": "foodcartapp.productcategory", "pk": 2, "fields": {"name": "Ролл"}}, {"model": "foodcartapp.product", "pk": 1, "fields": {"name": "Стейкхаус", "category": 1, "price": "269.00", "image": "steak_1PHMLwO.jpg", "special_status": false, "description": "Стейкхаус – это сочетание нашей фирменной, приготовленной на огне 100% говядины с ломтиками бекона и соусом «Барбекю», майонезом, листьями свежего салата, помидором и хрустящим луком на воздушной булочке, посыпанной кукурузной крошкой."}}, {"model": "foodcartapp.product", "pk": 2, "fields": {"name": "Лонг Чизбургер", "category": 1, "price": "219.00", "image": "long_chiz_2CiE7Pr.jpg", "special_status": false, "description": "Лонг Чизбургер – эталон в коллекции чизбургеров! Два приготовленных на огне бифштекса с двумя ломтиками слегка расплавленного сыра, хрустящими огурчиками, рубленым луком, горчицей и кетчупом на длинной подрумяненной булочке с кунжутом."}}, {"model": "foodcartapp.product", "pk": 3, "fields": {"name": "Тройной Воппер", "category": 1, "price": "369.00", "image": "triple_vopper_LR4YzwM.jpg", "special_status": false, "description": "ВОППЕР® — это вкуснейшая приготовленная на огне 100% говядина с сочными помидорами, свежим нарезанным листовым салатом, густым майонезом, хрустящими маринованными огурчиками и свежим луком на нежной булочке с кунжутом."}}, {"model": "foodcartapp.product", "pk": 4, "fields": {"name": "Беконайзер", "category": 1, "price": "319.00", "image": "beconizer_MEHRiIw.jpg", "special_status": false, "description": "Встречай самый внушительный бургер в коллекции Бургер Кинг. Много мяса, много бекона и много сыра - все, как ты любишь, и ничего лишнего!"}}, {"model": "foodcartapp.product", "pk": 5, "fields": {"name": "Фиш Ролл", "category": 2, "price": "199.00", "image": "fish_roll_FjzYosD.jpg", "special_status": false, "description": "Наш новый ролл с аппетитной котлеткой из филе белой рыбы, с фирменным соусом, маринованными огурчиками и хрустящим салатом. Легкое рыбное удовольствие!"}}, {"model": "foodcartapp.product", "pk": 6, "fields": {"name": "Шримп Ролл", "category": 2, "price": "209.00", "image": "shrimp_roll_bhXt9S9.jpg", "special_status": false, "description": "Легкий ролл с нежными королевскими креветками в хрустящей панировке, свежий салат Айсберг и ломтик сыра в пшеничной лепешке под фирменным соусом «Кинг». Внимание! Блюдо содержит аллергены – морепродукты."}}, {"model": "foodcartapp.restaurantmenuitem", "pk": 1, "fields": {"restaurant": 1, "product": 1, "availability": false}}, {"model": "foodcartapp.restaurantmenuitem", "pk": 3, "fields": {"restaurant": 3, "product": 1, "availability": false}}, {"model": "foodcartapp.restaurantmenuitem", "pk": 4, "fields": {"restaurant": 1, "product": 2, "availability": true}}, {"model": "foodcartapp.restaurantmenuitem", "pk": 5, "fields": {"restaurant": 2, "product": 2, "availability": true}}, {"model": "foodcartapp.restaurantmenuitem", "pk": 7, "fields": {"restaurant": 1, "product": 3, "availability": true}}, {"model": "foodcartapp.restaurantmenuitem", "pk": 9, "fields": {"restaurant": 2, "product": 3, "availability": true}}, {"model": "foodcartapp.restaurantmenuitem", "pk": 10, "fields": {"restaurant": 1, "product": 4, "availability": true}}, {"model": "foodcartapp.restaurantmenuitem", "pk": 12, "fields": {"restaurant": 3, "product": 4, "availability": true}}, {"model": "foodcartapp.restaurantmenuitem", "pk": 13, "fields": {"restaurant": 1, "product": 5, "availability": true}}, {"model": "foodcartapp.restaurantmenuitem", "pk": 15, "fields": {"restaurant": 3, "product": 5, "availability": true}}, {"model": "foodcartapp.restaurantmenuitem", "pk": 16, "fields": {"restaurant": 1, "product": 6, "availability": true}}, {"model": "foodcartapp.restaurantmenuitem", "pk": 18, "fields": {"restaurant": 3, "product": 6, "availability": true}}, {"model": "foodcartapp.restaurantmenuitem", "pk": 19, "fields": {"restaurant": 2, "product": 1, "availability": false}}, {"model": "foodcartapp.restaurantmenuitem", "pk": 20, "fields": {"restaurant": 2, "product": 4, "availability": true}}, {"model": "foodcartapp.order", "pk": 39, "fields": {"firstname": "Эльнар", "lastname": "Менгельбаев", "phonenumber": "+79034440116", "address": "г. Бурса, Гюрсу Токи, dy-50, квартира 10", "status": "A", "payment_method": "E", "comment": "", "creation_at": "2023-03-11T09:47:54Z", "called_at": null, "delivered_at": null, "cooking_restaurant": null}}, {"model": "foodcartapp.order", "pk": 40, "fields": {"firstname": "Злалс", "lastname": "пкврег", "phonenumber": "+79034440116", "address": "0Куликовы Копани переулок Садовы 10", "status": "A", "payment_method": "E", "comment": "", "creation_at": "2023-03-11T09:48:53Z", "called_at": null, "delivered_at": null, "cooking_restaurant": null}}, {"model": "foodcartapp.order", "pk": 41, "fields": {"firstname": "Эльнар", "lastname": "Менгельбаев", "phonenumber": "+79034440116", "address": "Ставрополь Пирогова 5а корпус 6", "status": "A", "payment_method": "C", "comment": "", "creation_at": "2023-03-11T09:55:55Z", "called_at": null, "delivered_at": null, "cooking_restaurant": null}}, {"model": "foodcartapp.order", "pk": 42, "fields": {"firstname": "Эльнар", "lastname": "Менгельбаев", "phonenumber": "+79034440116", "address": "Ставропольский край, Куликовы Копани, пер. Садовый, 14", "status": "A", "payment_method": "", "comment": "", "creation_at": "2023-03-11T09:59:51.509Z", "called_at": null, "delivered_at": null, "cooking_restaurant": null}}, {"model": "foodcartapp.order", "pk": 43, "fields": {"firstname": "Джамиля", "lastname": "Попова", "phonenumber": "+79034440116", "address": "Москва, пл. Киевского Вокзала, 2", "status": "A", "payment_method": "E", "comment": "", "creation_at": "2023-03-11T11:03:17Z", "called_at": null, "delivered_at": null, "cooking_restaurant": null}}, {"model": "foodcartapp.order", "pk": 44, "fields": {"firstname": "Эльнар", "lastname": "ваав", "phonenumber": "+79034440116", "address": "Ставрополь. Пирогова 5", "status": "A", "payment_method": "", "comment": "", "creation_at": "2023-03-11T11:12:17.712Z", "called_at": null, "delivered_at": null, "cooking_restaurant": null}}, {"model": "foodcartapp.order", "pk": 45, "fields": {"firstname": "Авуцку", "lastname": "уйкцеу", "phonenumber": "+79034440116", "address": "Москва, ул. Новый Арбат, 10", "status": "A", "payment_method": "C", "comment": "", "creation_at": "2023-03-11T11:14:02Z", "called_at": null, "delivered_at": null, "cooking_restaurant": null}}, {"model": "foodcartapp.order", "pk": 46, "fields": {"firstname": "ewrsetr", "lastname": "ewrestdr", "phonenumber": "+79034440116", "address": "wdqewre", "status": "A", "payment_method": "", "comment": "", "creation_at": "2023-03-11T11:14:54.440Z", "called_at": null, "delivered_at": null, "cooking_restaurant": null}}, {"model": "foodcartapp.order", "pk": 47, "fields": {"firstname": "ewrs", "lastname": "weasredtr", "phonenumber": "+79034440116", "address": "ewret", "status": "A", "payment_method": "", "comment": "", "creation_at": "2023-03-11T11:15:46.060Z", "called_at": null, "delivered_at": null, "cooking_restaurant": null}}, {"model": "foodcartapp.order", "pk": 48, "fields": {"firstname": "дбуа", "lastname": "уыепкнв", "phonenumber": "+79034440116", "address": "Москва Новый Арбат 2", "status": "A", "payment_method": "C", "comment": "", "creation_at": "2023-03-14T15:55:27Z", "called_at": null, "delivered_at": null, "cooking_restaurant": null}}, {"model": "foodcartapp.orderproduct", "pk": 2, "fields": {"product": 2, "quantity": 1, "order": 39, "price": "219.00"}}, {"model": "foodcartapp.orderproduct", "pk": 3, "fields": {"product": 2, "quantity": 3, "order": 40, "price": "219.00"}}, {"model": "foodcartapp.orderproduct", "pk": 4, "fields": {"product": 3, "quantity": 2, "order": 40, "price": "369.00"}}, {"model": "foodcartapp.orderproduct", "pk": 5, "fields": {"product": 2, "quantity": 1, "order": 41, "price": "219.00"}}, {"model": "foodcartapp.orderproduct", "pk": 6, "fields": {"product": 3, "quantity": 1, "order": 41, "price": "369.00"}}, {"model": "foodcartapp.orderproduct", "pk": 7, "fields": {"product": 3, "quantity": 1, "order": 42, "price": "369.00"}}, {"model": "foodcartapp.orderproduct", "pk": 8, "fields": {"product": 3, "quantity": 2, "order": 43, "price": "369.00"}}, {"model": "foodcartapp.orderproduct", "pk": 9, "fields": {"product": 4, "quantity": 1, "order": 44, "price": "319.00"}}, {"model": "foodcartapp.orderproduct", "pk": 10, "fields": {"product": 3, "quantity": 1, "order": 45, "price": "369.00"}}, {"model": "foodcartapp.orderproduct", "pk": 11, "fields": {"product": 3, "quantity": 1, "order": 46, "price": "369.00"}}, {"model": "foodcartapp.orderproduct", "pk": 12, "fields": {"product": 4, "quantity": 1, "order": 47, "price": "319.00"}}, {"model": "foodcartapp.orderproduct", "pk": 13, "fields": {"product": 2, "quantity": 1, "order": 48, "price": "219.00"}}, {"model": "admin.logentry", "pk": 1, "fields": {"action_time": "2023-02-16T13:02:04.637Z", "user": 2, "content_type": 2, "object_id": "1", "object_repr": "Бургер", "action_flag": 1, "change_message": "[{\"added\": {}}]"}}, {"model": "admin.logentry", "pk": 2, "fields": {"action_time": "2023-02-16T13:03:24.564Z", "user": 2, "content_type": 2, "object_id": "2", "object_repr": "Ролл", "action_flag": 1, "change_message": "[{\"added\": {}}]"}}, {"model": "admin.logentry", "pk": 3, "fields": {"action_time": "2023-02-16T13:04:41.950Z", "user": 2, "content_type": 3, "object_id": "1", "object_repr": "Star Burger Арбат", "action_flag": 1, "change_message": "[{\"added\": {}}]"}}, {"model": "admin.logentry", "pk": 4, "fields": {"action_time": "2023-02-16T13:05:23.468Z", "user": 2, "content_type": 3, "object_id": "2", "object_repr": "Star Burger Цветной", "action_flag": 1, "change_message": "[{\"added\": {}}]"}}, {"model": "admin.logentry", "pk": 5, "fields": {"action_time": "2023-02-16T13:06:03.028Z", "user": 2, "content_type": 3, "object_id": "3", "object_repr": "Star Burger Европейский", "action_flag": 1, "change_message": "[{\"added\": {}}]"}}, {"model": "admin.logentry", "pk": 6, "fields": {"action_time": "2023-02-16T13:10:16.102Z", "user": 2, "content_type": 4, "object_id": "1", "object_repr": "Стейкхаус", "action_flag": 1, "change_message": "[{\"added\": {}}, {\"added\": {\"name\": \"\\u043f\\u0443\\u043d\\u043a\\u0442 \\u043c\\u0435\\u043d\\u044e \\u0440\\u0435\\u0441\\u0442\\u043e\\u0440\\u0430\\u043d\\u0430\", \"object\": \"Star Burger \\u0410\\u0440\\u0431\\u0430\\u0442 - \\u0421\\u0442\\u0435\\u0439\\u043a\\u0445\\u0430\\u0443\\u0441\"}}, {\"added\": {\"name\": \"\\u043f\\u0443\\u043d\\u043a\\u0442 \\u043c\\u0435\\u043d\\u044e \\u0440\\u0435\\u0441\\u0442\\u043e\\u0440\\u0430\\u043d\\u0430\", \"object\": \"Star Burger \\u0426\\u0432\\u0435\\u0442\\u043d\\u043e\\u0439 - \\u0421\\u0442\\u0435\\u0439\\u043a\\u0445\\u0430\\u0443\\u0441\"}}, {\"added\": {\"name\": \"\\u043f\\u0443\\u043d\\u043a\\u0442 \\u043c\\u0435\\u043d\\u044e \\u0440\\u0435\\u0441\\u0442\\u043e\\u0440\\u0430\\u043d\\u0430\", \"object\": \"Star Burger \\u0415\\u0432\\u0440\\u043e\\u043f\\u0435\\u0439\\u0441\\u043a\\u0438\\u0439 - \\u0421\\u0442\\u0435\\u0439\\u043a\\u0445\\u0430\\u0443\\u0441\"}}]"}}, {"model": "admin.logentry", "pk": 7, "fields": {"action_time": "2023-02-16T13:11:03.324Z", "user": 2, "content_type": 4, "object_id": "2", "object_repr": "Лонг Чизбургер", "action_flag": 1, "change_message": "[{\"added\": {}}, {\"added\": {\"name\": \"\\u043f\\u0443\\u043d\\u043a\\u0442 \\u043c\\u0435\\u043d\\u044e \\u0440\\u0435\\u0441\\u0442\\u043e\\u0440\\u0430\\u043d\\u0430\", \"object\": \"Star Burger \\u0410\\u0440\\u0431\\u0430\\u0442 - \\u041b\\u043e\\u043d\\u0433 \\u0427\\u0438\\u0437\\u0431\\u0443\\u0440\\u0433\\u0435\\u0440\"}}, {\"added\": {\"name\": \"\\u043f\\u0443\\u043d\\u043a\\u0442 \\u043c\\u0435\\u043d\\u044e \\u0440\\u0435\\u0441\\u0442\\u043e\\u0440\\u0430\\u043d\\u0430\", \"object\": \"Star Burger \\u0426\\u0432\\u0435\\u0442\\u043d\\u043e\\u0439 - \\u041b\\u043e\\u043d\\u0433 \\u0427\\u0438\\u0437\\u0431\\u0443\\u0440\\u0433\\u0435\\u0440\"}}, {\"added\": {\"name\": \"\\u043f\\u0443\\u043d\\u043a\\u0442 \\u043c\\u0435\\u043d\\u044e \\u0440\\u0435\\u0441\\u0442\\u043e\\u0440\\u0430\\u043d\\u0430\", \"object\": \"Star Burger \\u0415\\u0432\\u0440\\u043e\\u043f\\u0435\\u0439\\u0441\\u043a\\u0438\\u0439 - \\u041b\\u043e\\u043d\\u0433 \\u0427\\u0438\\u0437\\u0431\\u0443\\u0440\\u0433\\u0435\\u0440\"}}]"}}, {"model": "admin.logentry", "pk": 8, "fields": {"action_time": "2023-02-16T13:11:59.363Z", "user": 2, "content_type": 4, "object_id": "3", "object_repr": "Тройной Воппер", "action_flag": 1, "change_message": "[{\"added\": {}}, {\"added\": {\"name\": \"\\u043f\\u0443\\u043d\\u043a\\u0442 \\u043c\\u0435\\u043d\\u044e \\u0440\\u0435\\u0441\\u0442\\u043e\\u0440\\u0430\\u043d\\u0430\", \"object\": \"Star Burger \\u0410\\u0440\\u0431\\u0430\\u0442 - \\u0422\\u0440\\u043e\\u0439\\u043d\\u043e\\u0439 \\u0412\\u043e\\u043f\\u043f\\u0435\\u0440\"}}, {\"added\": {\"name\": \"\\u043f\\u0443\\u043d\\u043a\\u0442 \\u043c\\u0435\\u043d\\u044e \\u0440\\u0435\\u0441\\u0442\\u043e\\u0440\\u0430\\u043d\\u0430\", \"object\": \"Star Burger \\u0415\\u0432\\u0440\\u043e\\u043f\\u0435\\u0439\\u0441\\u043a\\u0438\\u0439 - \\u0422\\u0440\\u043e\\u0439\\u043d\\u043e\\u0439 \\u0412\\u043e\\u043f\\u043f\\u0435\\u0440\"}}, {\"added\": {\"name\": \"\\u043f\\u0443\\u043d\\u043a\\u0442 \\u043c\\u0435\\u043d\\u044e \\u0440\\u0435\\u0441\\u0442\\u043e\\u0440\\u0430\\u043d\\u0430\", \"object\": \"Star Burger \\u0426\\u0432\\u0435\\u0442\\u043d\\u043e\\u0439 - \\u0422\\u0440\\u043e\\u0439\\u043d\\u043e\\u0439 \\u0412\\u043e\\u043f\\u043f\\u0435\\u0440\"}}]"}}, {"model": "admin.logentry", "pk": 9, "fields": {"action_time": "2023-02-16T13:12:57.995Z", "user": 2, "content_type": 4, "object_id": "4", "object_repr": "Беконайзер", "action_flag": 1, "change_message": "[{\"added\": {}}, {\"added\": {\"name\": \"\\u043f\\u0443\\u043d\\u043a\\u0442 \\u043c\\u0435\\u043d\\u044e \\u0440\\u0435\\u0441\\u0442\\u043e\\u0440\\u0430\\u043d\\u0430\", \"object\": \"Star Burger \\u0410\\u0440\\u0431\\u0430\\u0442 - \\u0411\\u0435\\u043a\\u043e\\u043d\\u0430\\u0439\\u0437\\u0435\\u0440\"}}, {\"added\": {\"name\": \"\\u043f\\u0443\\u043d\\u043a\\u0442 \\u043c\\u0435\\u043d\\u044e \\u0440\\u0435\\u0441\\u0442\\u043e\\u0440\\u0430\\u043d\\u0430\", \"object\": \"Star Burger \\u0426\\u0432\\u0435\\u0442\\u043d\\u043e\\u0439 - \\u0411\\u0435\\u043a\\u043e\\u043d\\u0430\\u0439\\u0437\\u0435\\u0440\"}}, {\"added\": {\"name\": \"\\u043f\\u0443\\u043d\\u043a\\u0442 \\u043c\\u0435\\u043d\\u044e \\u0440\\u0435\\u0441\\u0442\\u043e\\u0440\\u0430\\u043d\\u0430\", \"object\": \"Star Burger \\u0415\\u0432\\u0440\\u043e\\u043f\\u0435\\u0439\\u0441\\u043a\\u0438\\u0439 - \\u0411\\u0435\\u043a\\u043e\\u043d\\u0430\\u0439\\u0437\\u0435\\u0440\"}}]"}}, {"model": "admin.logentry", "pk": 10, "fields": {"action_time": "2023-02-16T13:13:20.448Z", "user": 2, "content_type": 4, "object_id": "3", "object_repr": "Тройной Воппер", "action_flag": 2, "change_message": "[{\"changed\": {\"fields\": [\"\\u0426\\u0435\\u043d\\u0430\"]}}]"}}, {"model": "admin.logentry", "pk": 11, "fields": {"action_time": "2023-02-16T13:14:16.074Z", "user": 2, "content_type": 4, "object_id": "5", "object_repr": "Фиш Ролл", "action_flag": 1, "change_message": "[{\"added\": {}}, {\"added\": {\"name\": \"\\u043f\\u0443\\u043d\\u043a\\u0442 \\u043c\\u0435\\u043d\\u044e \\u0440\\u0435\\u0441\\u0442\\u043e\\u0440\\u0430\\u043d\\u0430\", \"object\": \"Star Burger \\u0410\\u0440\\u0431\\u0430\\u0442 - \\u0424\\u0438\\u0448 \\u0420\\u043e\\u043b\\u043b\"}}, {\"added\": {\"name\": \"\\u043f\\u0443\\u043d\\u043a\\u0442 \\u043c\\u0435\\u043d\\u044e \\u0440\\u0435\\u0441\\u0442\\u043e\\u0440\\u0430\\u043d\\u0430\", \"object\": \"Star Burger \\u0426\\u0432\\u0435\\u0442\\u043d\\u043e\\u0439 - \\u0424\\u0438\\u0448 \\u0420\\u043e\\u043b\\u043b\"}}, {\"added\": {\"name\": \"\\u043f\\u0443\\u043d\\u043a\\u0442 \\u043c\\u0435\\u043d\\u044e \\u0440\\u0435\\u0441\\u0442\\u043e\\u0440\\u0430\\u043d\\u0430\", \"object\": \"Star Burger \\u0415\\u0432\\u0440\\u043e\\u043f\\u0435\\u0439\\u0441\\u043a\\u0438\\u0439 - \\u0424\\u0438\\u0448 \\u0420\\u043e\\u043b\\u043b\"}}]"}}, {"model": "admin.logentry", "pk": 12, "fields": {"action_time": "2023-02-16T13:14:58.260Z", "user": 2, "content_type": 4, "object_id": "6", "object_repr": "Шримп Ролл", "action_flag": 1, "change_message": "[{\"added\": {}}, {\"added\": {\"name\": \"\\u043f\\u0443\\u043d\\u043a\\u0442 \\u043c\\u0435\\u043d\\u044e \\u0440\\u0435\\u0441\\u0442\\u043e\\u0440\\u0430\\u043d\\u0430\", \"object\": \"Star Burger \\u0410\\u0440\\u0431\\u0430\\u0442 - \\u0428\\u0440\\u0438\\u043c\\u043f \\u0420\\u043e\\u043b\\u043b\"}}, {\"added\": {\"name\": \"\\u043f\\u0443\\u043d\\u043a\\u0442 \\u043c\\u0435\\u043d\\u044e \\u0440\\u0435\\u0441\\u0442\\u043e\\u0440\\u0430\\u043d\\u0430\", \"object\": \"Star Burger \\u0426\\u0432\\u0435\\u0442\\u043d\\u043e\\u0439 - \\u0428\\u0440\\u0438\\u043c\\u043f \\u0420\\u043e\\u043b\\u043b\"}}, {\"added\": {\"name\": \"\\u043f\\u0443\\u043d\\u043a\\u0442 \\u043c\\u0435\\u043d\\u044e \\u0440\\u0435\\u0441\\u0442\\u043e\\u0440\\u0430\\u043d\\u0430\", \"object\": \"Star Burger \\u0415\\u0432\\u0440\\u043e\\u043f\\u0435\\u0439\\u0441\\u043a\\u0438\\u0439 - \\u0428\\u0440\\u0438\\u043c\\u043f \\u0420\\u043e\\u043b\\u043b\"}}]"}}, {"model": "admin.logentry", "pk": 13, "fields": {"action_time": "2023-02-16T14:41:31.632Z", "user": 2, "content_type": 4, "object_id": "2", "object_repr": "Лонг Чизбургер", "action_flag": 2, "change_message": "[{\"changed\": {\"fields\": [\"\\u0426\\u0435\\u043d\\u0430\"]}}]"}}, {"model": "admin.logentry", "pk": 14, "fields": {"action_time": "2023-02-16T14:42:57.438Z", "user": 2, "content_type": 4, "object_id": "2", "object_repr": "Лонг Чизбургер", "action_flag": 2, "change_message": "[{\"changed\": {\"fields\": [\"\\u0426\\u0435\\u043d\\u0430\"]}}]"}}, {"model": "admin.logentry", "pk": 15, "fields": {"action_time": "2023-02-16T14:44:33.571Z", "user": 2, "content_type": 1, "object_id": "7", "object_repr": "Джамиля Попова г. Бурса", "action_flag": 2, "change_message": "[{\"changed\": {\"name\": \"\\u0437\\u0430\\u043a\\u0430\\u0437\\u0430\\u043d\\u043d\\u044b\\u0439 \\u043f\\u0440\\u043e\\u0434\\u0443\\u043a\\u0442\", \"object\": \"\\u041b\\u043e\\u043d\\u0433 \\u0427\\u0438\\u0437\\u0431\\u0443\\u0440\\u0433\\u0435\\u0440 1 \\u0448\\u0442.\", \"fields\": [\"\\u0426\\u0435\\u043d\\u0430\"]}}]"}}, {"model": "admin.logentry", "pk": 16, "fields": {"action_time": "2023-02-16T14:48:33.353Z", "user": 2, "content_type": 1, "object_id": "8", "object_repr": "Umar Mengelbaev г. Бурса", "action_flag": 2, "change_message": "[{\"changed\": {\"fields\": [\"\\u0418\\u043c\\u044f\"]}}]"}}, {"model": "admin.logentry", "pk": 17, "fields": {"action_time": "2023-02-16T14:51:14.267Z", "user": 2, "content_type": 1, "object_id": "9", "object_repr": "wdf w г. Бурса", "action_flag": 1, "change_message": "[{\"added\": {}}]"}}, {"model": "admin.logentry", "pk": 18, "fields": {"action_time": "2023-02-16T14:52:00.023Z", "user": 2, "content_type": 1, "object_id": "9", "object_repr": "wdf w г. Бурса", "action_flag": 3, "change_message": ""}}, {"model": "admin.logentry", "pk": 19, "fields": {"action_time": "2023-02-18T12:38:54.299Z", "user": 2, "content_type": 1, "object_id": "2", "object_repr": "Эльна1р Менгельбаев г. Бурса", "action_flag": 2, "change_message": "[{\"changed\": {\"fields\": [\"\\u0418\\u043c\\u044f\"]}}]"}}, {"model": "admin.logentry", "pk": 20, "fields": {"action_time": "2023-02-18T12:43:39.687Z", "user": 2, "content_type": 1, "object_id": "2", "object_repr": "Эльна1р Менгельбаев г. Бурса", "action_flag": 2, "change_message": "[]"}}, {"model": "admin.logentry", "pk": 21, "fields": {"action_time": "2023-02-18T12:44:53.346Z", "user": 2, "content_type": 1, "object_id": "5", "object_repr": "Эльнар Менгельбаев г. Бурса", "action_flag": 2, "change_message": "[]"}}, {"model": "admin.logentry", "pk": 22, "fields": {"action_time": "2023-02-18T12:46:38.553Z", "user": 2, "content_type": 1, "object_id": "6", "object_repr": "Эльнар Менгельбаев г. Бурса", "action_flag": 2, "change_message": "[]"}}, {"model": "admin.logentry", "pk": 23, "fields": {"action_time": "2023-02-18T12:47:37.719Z", "user": 2, "content_type": 1, "object_id": "6", "object_repr": "Эльнар Менгельбаев г. Бурса", "action_flag": 2, "change_message": "[]"}}, {"model": "admin.logentry", "pk": 24, "fields": {"action_time": "2023-02-18T12:47:46.967Z", "user": 2, "content_type": 1, "object_id": "6", "object_repr": "Эльнар Менгельбаев г. Бурса", "action_flag": 2, "change_message": "[]"}}, {"model": "admin.logentry", "pk": 25, "fields": {"action_time": "2023-02-18T12:49:33.419Z", "user": 2, "content_type": 1, "object_id": "6", "object_repr": "Эльнар Менгельбаев г. Бурса", "action_flag": 2, "change_message": "[]"}}, {"model": "admin.logentry", "pk": 26, "fields": {"action_time": "2023-02-18T12:49:45.324Z", "user": 2, "content_type": 1, "object_id": "1", "object_repr": "Эльнар Менгельбаев г. Бурса", "action_flag": 2, "change_message": "[]"}}, {"model": "admin.logentry", "pk": 27, "fields": {"action_time": "2023-02-18T13:09:24.676Z", "user": 2, "content_type": 1, "object_id": "1", "object_repr": "Эльнар Менгельбаев г. Бурса", "action_flag": 2, "change_message": "[]"}}, {"model": "admin.logentry", "pk": 28, "fields": {"action_time": "2023-02-18T13:18:29.050Z", "user": 2, "content_type": 1, "object_id": "2", "object_repr": "Эльна1р Менгельбаев г. Бурса", "action_flag": 2, "change_message": "[]"}}, {"model": "admin.logentry", "pk": 29, "fields": {"action_time": "2023-02-18T13:21:39.031Z", "user": 2, "content_type": 1, "object_id": "2", "object_repr": "Эльна1р Менгельбаев г. Бурса", "action_flag": 2, "change_message": "[]"}}, {"model": "admin.logentry", "pk": 30, "fields": {"action_time": "2023-02-18T14:07:02.981Z", "user": 2, "content_type": 1, "object_id": "1", "object_repr": "Эльнар Менгельбаев г. Бурса", "action_flag": 2, "change_message": "[]"}}, {"model": "admin.logentry", "pk": 31, "fields": {"action_time": "2023-02-18T14:07:11.020Z", "user": 2, "content_type": 1, "object_id": "1", "object_repr": "Эльнар Менгельбаев г. Бурса", "action_flag": 2, "change_message": "[]"}}, {"model": "admin.logentry", "pk": 32, "fields": {"action_time": "2023-02-18T14:17:40.489Z", "user": 2, "content_type": 1, "object_id": "4", "object_repr": "Джамиля Поповаdsfdr г. Бурса", "action_flag": 2, "change_message": "[{\"changed\": {\"fields\": [\"\\u0424\\u0430\\u043c\\u0438\\u043b\\u0438\\u044f\"]}}]"}}, {"model": "admin.logentry", "pk": 33, "fields": {"action_time": "2023-02-18T14:18:31.034Z", "user": 2, "content_type": 1, "object_id": "8", "object_repr": "Umar Mengelbaev г. Бурса", "action_flag": 2, "change_message": "[{\"changed\": {\"name\": \"\\u0437\\u0430\\u043a\\u0430\\u0437\\u0430\\u043d\\u043d\\u044b\\u0439 \\u043f\\u0440\\u043e\\u0434\\u0443\\u043a\\u0442\", \"object\": \"\\u0411\\u0435\\u043a\\u043e\\u043d\\u0430\\u0439\\u0437\\u0435\\u0440 3 \\u0448\\u0442.\", \"fields\": [\"\\u041a\\u043e\\u043b\\u0438\\u0447\\u0435\\u0441\\u0442\\u0432\\u043e\"]}}]"}}, {"model": "admin.logentry", "pk": 34, "fields": {"action_time": "2023-02-18T14:54:14.229Z", "user": 2, "content_type": 1, "object_id": "8", "object_repr": "Umar Mengelbaev г. Бурса", "action_flag": 2, "change_message": "[{\"changed\": {\"fields\": [\"Status\"]}}]"}}, {"model": "admin.logentry", "pk": 35, "fields": {"action_time": "2023-02-18T14:54:28.926Z", "user": 2, "content_type": 1, "object_id": "7", "object_repr": "Джамиля Попова г. Бурса", "action_flag": 2, "change_message": "[{\"changed\": {\"fields\": [\"Status\"]}}]"}}, {"model": "admin.logentry", "pk": 36, "fields": {"action_time": "2023-02-18T14:54:37.908Z", "user": 2, "content_type": 1, "object_id": "6", "object_repr": "Эльнар Менгельбаев г. Бурса", "action_flag": 2, "change_message": "[{\"changed\": {\"fields\": [\"Status\"]}}]"}}, {"model": "admin.logentry", "pk": 37, "fields": {"action_time": "2023-02-18T14:54:45.945Z", "user": 2, "content_type": 1, "object_id": "5", "object_repr": "Эльнар Менгельбаев г. Бурса", "action_flag": 2, "change_message": "[{\"changed\": {\"fields\": [\"Status\"]}}]"}}, {"model": "admin.logentry", "pk": 38, "fields": {"action_time": "2023-02-18T14:58:13.152Z", "user": 2, "content_type": 1, "object_id": "3", "object_repr": "Elnar Meng Москва", "action_flag": 2, "change_message": "[{\"changed\": {\"fields\": [\"Status\"]}}]"}}, {"model": "admin.logentry", "pk": 39, "fields": {"action_time": "2023-02-18T15:07:38.717Z", "user": 2, "content_type": 1, "object_id": "8", "object_repr": "Umar Mengelbaev г. Бурса", "action_flag": 2, "change_message": "[{\"changed\": {\"fields\": [\"\\u041a\\u043e\\u043c\\u043c\\u0435\\u043d\\u0442\\u0430\\u0440\\u0438\\u0439\"]}}]"}}, {"model": "admin.logentry", "pk": 40, "fields": {"action_time": "2023-02-18T15:10:15.078Z", "user": 2, "content_type": 1, "object_id": "1", "object_repr": "Эльнар Менгельбаев г. Бурса", "action_flag": 2, "change_message": "[{\"changed\": {\"fields\": [\"\\u0421\\u0442\\u0430\\u0442\\u0443\\u0441\", \"\\u041a\\u043e\\u043c\\u043c\\u0435\\u043d\\u0442\\u0430\\u0440\\u0438\\u0439\"]}}]"}}, {"model": "admin.logentry", "pk": 41, "fields": {"action_time": "2023-02-18T16:32:48.247Z", "user": 2, "content_type": 1, "object_id": "4", "object_repr": "Джамиля Попова г. Бурса", "action_flag": 2, "change_message": "[{\"changed\": {\"fields\": [\"\\u0424\\u0430\\u043c\\u0438\\u043b\\u0438\\u044f\", \"\\u0421\\u043f\\u043e\\u0441\\u043e\\u0431 \\u043e\\u043f\\u043b\\u0430\\u0442\\u044b\"]}}]"}}, {"model": "admin.logentry", "pk": 42, "fields": {"action_time": "2023-02-19T07:23:29.883Z", "user": 2, "content_type": 3, "object_id": "3", "object_repr": "Star Burger Европейский", "action_flag": 2, "change_message": "[{\"deleted\": {\"name\": \"\\u043f\\u0443\\u043d\\u043a\\u0442 \\u043c\\u0435\\u043d\\u044e \\u0440\\u0435\\u0441\\u0442\\u043e\\u0440\\u0430\\u043d\\u0430\", \"object\": \"Star Burger \\u0415\\u0432\\u0440\\u043e\\u043f\\u0435\\u0439\\u0441\\u043a\\u0438\\u0439 - \\u041b\\u043e\\u043d\\u0433 \\u0427\\u0438\\u0437\\u0431\\u0443\\u0440\\u0433\\u0435\\u0440\"}}, {\"deleted\": {\"name\": \"\\u043f\\u0443\\u043d\\u043a\\u0442 \\u043c\\u0435\\u043d\\u044e \\u0440\\u0435\\u0441\\u0442\\u043e\\u0440\\u0430\\u043d\\u0430\", \"object\": \"Star Burger \\u0415\\u0432\\u0440\\u043e\\u043f\\u0435\\u0439\\u0441\\u043a\\u0438\\u0439 - \\u0422\\u0440\\u043e\\u0439\\u043d\\u043e\\u0439 \\u0412\\u043e\\u043f\\u043f\\u0435\\u0440\"}}]"}}, {"model": "admin.logentry", "pk": 43, "fields": {"action_time": "2023-02-19T07:23:40.445Z", "user": 2, "content_type": 3, "object_id": "3", "object_repr": "Star Burger Европейский", "action_flag": 2, "change_message": "[]"}}, {"model": "admin.logentry", "pk": 44, "fields": {"action_time": "2023-02-19T07:24:02.527Z", "user": 2, "content_type": 3, "object_id": "2", "object_repr": "Star Burger Цветной", "action_flag": 2, "change_message": "[{\"deleted\": {\"name\": \"\\u043f\\u0443\\u043d\\u043a\\u0442 \\u043c\\u0435\\u043d\\u044e \\u0440\\u0435\\u0441\\u0442\\u043e\\u0440\\u0430\\u043d\\u0430\", \"object\": \"Star Burger \\u0426\\u0432\\u0435\\u0442\\u043d\\u043e\\u0439 - \\u0421\\u0442\\u0435\\u0439\\u043a\\u0445\\u0430\\u0443\\u0441\"}}, {\"deleted\": {\"name\": \"\\u043f\\u0443\\u043d\\u043a\\u0442 \\u043c\\u0435\\u043d\\u044e \\u0440\\u0435\\u0441\\u0442\\u043e\\u0440\\u0430\\u043d\\u0430\", \"object\": \"Star Burger \\u0426\\u0432\\u0435\\u0442\\u043d\\u043e\\u0439 - \\u0424\\u0438\\u0448 \\u0420\\u043e\\u043b\\u043b\"}}, {\"deleted\": {\"name\": \"\\u043f\\u0443\\u043d\\u043a\\u0442 \\u043c\\u0435\\u043d\\u044e \\u0440\\u0435\\u0441\\u0442\\u043e\\u0440\\u0430\\u043d\\u0430\", \"object\": \"Star Burger \\u0426\\u0432\\u0435\\u0442\\u043d\\u043e\\u0439 - \\u0428\\u0440\\u0438\\u043c\\u043f \\u0420\\u043e\\u043b\\u043b\"}}]"}}, {"model": "admin.logentry", "pk": 45, "fields": {"action_time": "2023-02-19T07:24:14.585Z", "user": 2, "content_type": 3, "object_id": "3", "object_repr": "Star Burger Европейский", "action_flag": 2, "change_message": "[]"}}, {"model": "admin.logentry", "pk": 46, "fields": {"action_time": "2023-02-19T07:24:32.829Z", "user": 2, "content_type": 3, "object_id": "2", "object_repr": "Star Burger Цветной", "action_flag": 2, "change_message": "[{\"deleted\": {\"name\": \"\\u043f\\u0443\\u043d\\u043a\\u0442 \\u043c\\u0435\\u043d\\u044e \\u0440\\u0435\\u0441\\u0442\\u043e\\u0440\\u0430\\u043d\\u0430\", \"object\": \"Star Burger \\u0426\\u0432\\u0435\\u0442\\u043d\\u043e\\u0439 - \\u0411\\u0435\\u043a\\u043e\\u043d\\u0430\\u0439\\u0437\\u0435\\u0440\"}}]"}}, {"model": "admin.logentry", "pk": 47, "fields": {"action_time": "2023-02-19T07:24:49.096Z", "user": 2, "content_type": 3, "object_id": "1", "object_repr": "Star Burger Арбат", "action_flag": 2, "change_message": "[]"}}, {"model": "admin.logentry", "pk": 48, "fields": {"action_time": "2023-02-19T13:24:45.279Z", "user": 2, "content_type": 1, "object_id": "2", "object_repr": "Эльна1р Менгельбаев г. Бурса", "action_flag": 2, "change_message": "[{\"changed\": {\"fields\": [\"\\u0420\\u0435\\u0441\\u0442\\u043e\\u0440\\u0430\\u043d\"]}}]"}}, {"model": "admin.logentry", "pk": 49, "fields": {"action_time": "2023-02-19T13:49:44.363Z", "user": 2, "content_type": 1, "object_id": "2", "object_repr": "Эльна1р Менгельбаев г. Бурса", "action_flag": 2, "change_message": "[]"}}, {"model": "admin.logentry", "pk": 50, "fields": {"action_time": "2023-02-19T14:07:50.635Z", "user": 2, "content_type": 1, "object_id": "2", "object_repr": "Эльна1р Менгельбаев г. Бурса", "action_flag": 2, "change_message": "[]"}}, {"model": "admin.logentry", "pk": 51, "fields": {"action_time": "2023-02-19T14:14:30.787Z", "user": 2, "content_type": 1, "object_id": "2", "object_repr": "Эльна1р Менгельбаев г. Бурса", "action_flag": 2, "change_message": "[{\"changed\": {\"fields\": [\"\\u0420\\u0435\\u0441\\u0442\\u043e\\u0440\\u0430\\u043d\"]}}]"}}, {"model": "admin.logentry", "pk": 52, "fields": {"action_time": "2023-02-19T14:15:02.200Z", "user": 2, "content_type": 1, "object_id": "12", "object_repr": "Умарокос Менгеьбуш г. Бурса", "action_flag": 2, "change_message": "[{\"changed\": {\"fields\": [\"\\u0420\\u0435\\u0441\\u0442\\u043e\\u0440\\u0430\\u043d\"]}}]"}}, {"model": "admin.logentry", "pk": 53, "fields": {"action_time": "2023-02-19T14:15:47.706Z", "user": 2, "content_type": 1, "object_id": "12", "object_repr": "Умарокос Менгеьбуш г. Бурса", "action_flag": 2, "change_message": "[]"}}, {"model": "admin.logentry", "pk": 54, "fields": {"action_time": "2023-02-19T14:17:07.844Z", "user": 2, "content_type": 1, "object_id": "5", "object_repr": "Эльнар Менгельбаев г. Бурса", "action_flag": 2, "change_message": "[{\"changed\": {\"fields\": [\"\\u0420\\u0435\\u0441\\u0442\\u043e\\u0440\\u0430\\u043d\"]}}]"}}, {"model": "admin.logentry", "pk": 55, "fields": {"action_time": "2023-02-19T14:17:52.344Z", "user": 2, "content_type": 1, "object_id": "6", "object_repr": "Эльнар Менгельбаев г. Бурса", "action_flag": 2, "change_message": "[{\"changed\": {\"fields\": [\"\\u0420\\u0435\\u0441\\u0442\\u043e\\u0440\\u0430\\u043d\"]}}]"}}, {"model": "admin.logentry", "pk": 56, "fields": {"action_time": "2023-02-19T14:18:11.942Z", "user": 2, "content_type": 1, "object_id": "2", "object_repr": "Эльна1р Менгельбаев г. Бурса", "action_flag": 2, "change_message": "[{\"changed\": {\"fields\": [\"\\u0420\\u0435\\u0441\\u0442\\u043e\\u0440\\u0430\\u043d\"]}}]"}}, {"model": "admin.logentry", "pk": 57, "fields": {"action_time": "2023-02-20T14:29:06.743Z", "user": 2, "content_type": 1, "object_id": "9", "object_repr": "Умар Менгельбаев Москва", "action_flag": 2, "change_message": "[{\"changed\": {\"fields\": [\"\\u0410\\u0434\\u0440\\u0435\\u0441\"]}}]"}}, {"model": "admin.logentry", "pk": 58, "fields": {"action_time": "2023-02-20T14:29:48.655Z", "user": 2, "content_type": 1, "object_id": "4", "object_repr": "Джамиля Попова Москва", "action_flag": 2, "change_message": "[{\"changed\": {\"fields\": [\"\\u0410\\u0434\\u0440\\u0435\\u0441\"]}}]"}}, {"model": "admin.logentry", "pk": 59, "fields": {"action_time": "2023-02-20T14:33:11.518Z", "user": 2, "content_type": 1, "object_id": "4", "object_repr": "Джамиля Попова Москва", "action_flag": 2, "change_message": "[{\"changed\": {\"fields\": [\"\\u0410\\u0434\\u0440\\u0435\\u0441\"]}}]"}}, {"model": "admin.logentry", "pk": 60, "fields": {"action_time": "2023-02-20T14:34:54.301Z", "user": 2, "content_type": 1, "object_id": "4", "object_repr": "Джамиля Попова Ставрополь", "action_flag": 2, "change_message": "[{\"changed\": {\"fields\": [\"\\u0410\\u0434\\u0440\\u0435\\u0441\"]}}]"}}, {"model": "admin.logentry", "pk": 61, "fields": {"action_time": "2023-02-20T14:34:56.397Z", "user": 2, "content_type": 1, "object_id": "4", "object_repr": "Джамиля Попова Ставрополь", "action_flag": 2, "change_message": "[]"}}, {"model": "admin.logentry", "pk": 62, "fields": {"action_time": "2023-02-20T14:35:30.518Z", "user": 2, "content_type": 1, "object_id": "4", "object_repr": "Джамиля Попова Ставрополь", "action_flag": 2, "change_message": "[]"}}, {"model": "admin.logentry", "pk": 63, "fields": {"action_time": "2023-02-20T14:39:58.646Z", "user": 2, "content_type": 1, "object_id": "13", "object_repr": "Менгельбаева Зарина Став", "action_flag": 2, "change_message": "[{\"changed\": {\"fields\": [\"\\u0410\\u0434\\u0440\\u0435\\u0441\"]}}]"}}, {"model": "admin.logentry", "pk": 64, "fields": {"action_time": "2023-02-20T14:43:55.433Z", "user": 2, "content_type": 1, "object_id": "13", "object_repr": "Менгельбаева Зарина Ставрополь", "action_flag": 2, "change_message": "[{\"changed\": {\"fields\": [\"\\u0410\\u0434\\u0440\\u0435\\u0441\"]}}]"}}, {"model": "admin.logentry", "pk": 65, "fields": {"action_time": "2023-02-20T14:45:37.662Z", "user": 2, "content_type": 1, "object_id": "13", "object_repr": "Менгельбаева Зарина Куликовы Копани", "action_flag": 2, "change_message": "[{\"changed\": {\"fields\": [\"\\u0410\\u0434\\u0440\\u0435\\u0441\"]}}]"}}, {"model": "admin.logentry", "pk": 66, "fields": {"action_time": "2023-02-20T14:45:41.768Z", "user": 2, "content_type": 1, "object_id": "13", "object_repr": "Менгельбаева Зарина Куликовы Копани", "action_flag": 2, "change_message": "[]"}}, {"model": "admin.logentry", "pk": 67, "fields": {"action_time": "2023-02-20T14:46:19.811Z", "user": 2, "content_type": 1, "object_id": "4", "object_repr": "Джамиля Попова Москва", "action_flag": 2, "change_message": "[{\"changed\": {\"fields\": [\"\\u0410\\u0434\\u0440\\u0435\\u0441\"]}}]"}}, {"model": "admin.logentry", "pk": 68, "fields": {"action_time": "2023-02-20T14:47:01.323Z", "user": 2, "content_type": 1, "object_id": "13", "object_repr": "Менгельбаева Зарина Куликовы Копани", "action_flag": 3, "change_message": ""}}, {"model": "admin.logentry", "pk": 69, "fields": {"action_time": "2023-02-20T14:47:01.345Z", "user": 2, "content_type": 1, "object_id": "12", "object_repr": "Умарокос Менгеьбуш г. Бурса", "action_flag": 3, "change_message": ""}}, {"model": "admin.logentry", "pk": 70, "fields": {"action_time": "2023-02-20T14:47:01.368Z", "user": 2, "content_type": 1, "object_id": "11", "object_repr": "Elnar Mengelbaev Москва", "action_flag": 3, "change_message": ""}}, {"model": "admin.logentry", "pk": 71, "fields": {"action_time": "2023-02-20T14:47:01.393Z", "user": 2, "content_type": 1, "object_id": "10", "object_repr": "Umar Meng г. Бурса", "action_flag": 3, "change_message": ""}}, {"model": "admin.logentry", "pk": 72, "fields": {"action_time": "2023-02-20T14:47:01.421Z", "user": 2, "content_type": 1, "object_id": "9", "object_repr": "Умар Менгельбаев Москва", "action_flag": 3, "change_message": ""}}, {"model": "admin.logentry", "pk": 73, "fields": {"action_time": "2023-02-20T14:47:01.443Z", "user": 2, "content_type": 1, "object_id": "8", "object_repr": "Umar Mengelbaev г. Бурса", "action_flag": 3, "change_message": ""}}, {"model": "admin.logentry", "pk": 74, "fields": {"action_time": "2023-02-20T14:47:01.468Z", "user": 2, "content_type": 1, "object_id": "7", "object_repr": "Джамиля Попова г. Бурса", "action_flag": 3, "change_message": ""}}, {"model": "admin.logentry", "pk": 75, "fields": {"action_time": "2023-02-20T14:47:01.489Z", "user": 2, "content_type": 1, "object_id": "6", "object_repr": "Эльнар Менгельбаев г. Бурса", "action_flag": 3, "change_message": ""}}, {"model": "admin.logentry", "pk": 76, "fields": {"action_time": "2023-02-20T14:47:01.515Z", "user": 2, "content_type": 1, "object_id": "5", "object_repr": "Эльнар Менгельбаев г. Бурса", "action_flag": 3, "change_message": ""}}, {"model": "admin.logentry", "pk": 77, "fields": {"action_time": "2023-02-20T14:47:01.540Z", "user": 2, "content_type": 1, "object_id": "4", "object_repr": "Джамиля Попова Москва", "action_flag": 3, "change_message": ""}}, {"model": "admin.logentry", "pk": 78, "fields": {"action_time": "2023-02-20T14:47:01.568Z", "user": 2, "content_type": 1, "object_id": "3", "object_repr": "Elnar Meng Москва", "action_flag": 3, "change_message": ""}}, {"model": "admin.logentry", "pk": 79, "fields": {"action_time": "2023-02-20T14:47:01.603Z", "user": 2, "content_type": 1, "object_id": "2", "object_repr": "Эльна1р Менгельбаев г. Бурса", "action_flag": 3, "change_message": ""}}, {"model": "admin.logentry", "pk": 80, "fields": {"action_time": "2023-02-20T14:47:01.639Z", "user": 2, "content_type": 1, "object_id": "1", "object_repr": "Эльнар Менгельбаев г. Бурса", "action_flag": 3, "change_message": ""}}, {"model": "admin.logentry", "pk": 81, "fields": {"action_time": "2023-02-20T14:48:01.512Z", "user": 2, "content_type": 1, "object_id": "14", "object_repr": "Эльнар Менгельбаев Москва", "action_flag": 2, "change_message": "[{\"changed\": {\"fields\": [\"\\u0410\\u0434\\u0440\\u0435\\u0441\"]}}]"}}, {"model": "admin.logentry", "pk": 82, "fields": {"action_time": "2023-02-20T14:48:34.249Z", "user": 2, "content_type": 1, "object_id": "14", "object_repr": "Эльнар Менгельбаев Москва Красная Площадь", "action_flag": 2, "change_message": "[{\"changed\": {\"fields\": [\"\\u0410\\u0434\\u0440\\u0435\\u0441\"]}}]"}}, {"model": "admin.logentry", "pk": 83, "fields": {"action_time": "2023-02-24T07:46:43.517Z", "user": 2, "content_type": 1, "object_id": "14", "object_repr": "Эльнар Менгельбаев Москва Красная Площадь", "action_flag": 2, "change_message": "[{\"changed\": {\"fields\": [\"\\u0420\\u0435\\u0441\\u0442\\u043e\\u0440\\u0430\\u043d \\u0437\\u0430\\u043a\\u0430\\u0437\\u0430\"]}}]"}}, {"model": "admin.logentry", "pk": 84, "fields": {"action_time": "2023-02-24T08:04:49.681Z", "user": 2, "content_type": 1, "object_id": "15", "object_repr": "Умарокос Менгеьбуш г. Бурса", "action_flag": 2, "change_message": "[{\"changed\": {\"fields\": [\"\\u0421\\u043f\\u043e\\u0441\\u043e\\u0431 \\u043e\\u043f\\u043b\\u0430\\u0442\\u044b\", \"\\u0420\\u0435\\u0441\\u0442\\u043e\\u0440\\u0430\\u043d \\u0437\\u0430\\u043a\\u0430\\u0437\\u0430\"]}}]"}}, {"model": "admin.logentry", "pk": 85, "fields": {"action_time": "2023-02-25T14:12:50.290Z", "user": 2, "content_type": 3, "object_id": "3", "object_repr": "Star Burger Европейский", "action_flag": 2, "change_message": "[{\"changed\": {\"name\": \"\\u043f\\u0443\\u043d\\u043a\\u0442 \\u043c\\u0435\\u043d\\u044e \\u0440\\u0435\\u0441\\u0442\\u043e\\u0440\\u0430\\u043d\\u0430\", \"object\": \"Star Burger \\u0415\\u0432\\u0440\\u043e\\u043f\\u0435\\u0439\\u0441\\u043a\\u0438\\u0439 - \\u0421\\u0442\\u0435\\u0439\\u043a\\u0445\\u0430\\u0443\\u0441\", \"fields\": [\"\\u0412 \\u043f\\u0440\\u043e\\u0434\\u0430\\u0436\\u0435\"]}}]"}}, {"model": "admin.logentry", "pk": 86, "fields": {"action_time": "2023-02-25T14:12:57.446Z", "user": 2, "content_type": 3, "object_id": "3", "object_repr": "Star Burger Европейский", "action_flag": 2, "change_message": "[]"}}, {"model": "admin.logentry", "pk": 87, "fields": {"action_time": "2023-02-25T14:13:04.308Z", "user": 2, "content_type": 3, "object_id": "2", "object_repr": "Star Burger Цветной", "action_flag": 2, "change_message": "[]"}}, {"model": "admin.logentry", "pk": 88, "fields": {"action_time": "2023-02-25T14:13:13.518Z", "user": 2, "content_type": 3, "object_id": "1", "object_repr": "Star Burger Арбат", "action_flag": 2, "change_message": "[{\"changed\": {\"name\": \"\\u043f\\u0443\\u043d\\u043a\\u0442 \\u043c\\u0435\\u043d\\u044e \\u0440\\u0435\\u0441\\u0442\\u043e\\u0440\\u0430\\u043d\\u0430\", \"object\": \"Star Burger \\u0410\\u0440\\u0431\\u0430\\u0442 - \\u0421\\u0442\\u0435\\u0439\\u043a\\u0445\\u0430\\u0443\\u0441\", \"fields\": [\"\\u0412 \\u043f\\u0440\\u043e\\u0434\\u0430\\u0436\\u0435\"]}}]"}}, {"model": "admin.logentry", "pk": 89, "fields": {"action_time": "2023-02-25T14:13:24.917Z", "user": 2, "content_type": 3, "object_id": "2", "object_repr": "Star Burger Цветной", "action_flag": 2, "change_message": "[{\"added\": {\"name\": \"\\u043f\\u0443\\u043d\\u043a\\u0442 \\u043c\\u0435\\u043d\\u044e \\u0440\\u0435\\u0441\\u0442\\u043e\\u0440\\u0430\\u043d\\u0430\", \"object\": \"Star Burger \\u0426\\u0432\\u0435\\u0442\\u043d\\u043e\\u0439 - \\u0421\\u0442\\u0435\\u0439\\u043a\\u0445\\u0430\\u0443\\u0441\"}}]"}}, {"model": "admin.logentry", "pk": 90, "fields": {"action_time": "2023-02-25T14:14:21.999Z", "user": 2, "content_type": 3, "object_id": "3", "object_repr": "Star Burger Европейский", "action_flag": 2, "change_message": "[{\"changed\": {\"name\": \"\\u043f\\u0443\\u043d\\u043a\\u0442 \\u043c\\u0435\\u043d\\u044e \\u0440\\u0435\\u0441\\u0442\\u043e\\u0440\\u0430\\u043d\\u0430\", \"object\": \"Star Burger \\u0415\\u0432\\u0440\\u043e\\u043f\\u0435\\u0439\\u0441\\u043a\\u0438\\u0439 - \\u0411\\u0435\\u043a\\u043e\\u043d\\u0430\\u0439\\u0437\\u0435\\u0440\", \"fields\": [\"\\u0412 \\u043f\\u0440\\u043e\\u0434\\u0430\\u0436\\u0435\"]}}]"}}, {"model": "admin.logentry", "pk": 91, "fields": {"action_time": "2023-02-25T14:14:40.747Z", "user": 2, "content_type": 3, "object_id": "2", "object_repr": "Star Burger Цветной", "action_flag": 2, "change_message": "[{\"added\": {\"name\": \"\\u043f\\u0443\\u043d\\u043a\\u0442 \\u043c\\u0435\\u043d\\u044e \\u0440\\u0435\\u0441\\u0442\\u043e\\u0440\\u0430\\u043d\\u0430\", \"object\": \"Star Burger \\u0426\\u0432\\u0435\\u0442\\u043d\\u043e\\u0439 - \\u0411\\u0435\\u043a\\u043e\\u043d\\u0430\\u0439\\u0437\\u0435\\u0440\"}}]"}}, {"model": "admin.logentry", "pk": 92, "fields": {"action_time": "2023-02-25T14:14:49.521Z", "user": 2, "content_type": 3, "object_id": "1", "object_repr": "Star Burger Арбат", "action_flag": 2, "change_message": "[{\"changed\": {\"name\": \"\\u043f\\u0443\\u043d\\u043a\\u0442 \\u043c\\u0435\\u043d\\u044e \\u0440\\u0435\\u0441\\u0442\\u043e\\u0440\\u0430\\u043d\\u0430\", \"object\": \"Star Burger \\u0410\\u0440\\u0431\\u0430\\u0442 - \\u0411\\u0435\\u043a\\u043e\\u043d\\u0430\\u0439\\u0437\\u0435\\u0440\", \"fields\": [\"\\u0412 \\u043f\\u0440\\u043e\\u0434\\u0430\\u0436\\u0435\"]}}]"}}, {"model": "admin.logentry", "pk": 93, "fields": {"action_time": "2023-02-25T14:15:13.704Z", "user": 2, "content_type": 3, "object_id": "3", "object_repr": "Star Burger Европейский", "action_flag": 2, "change_message": "[{\"changed\": {\"name\": \"\\u043f\\u0443\\u043d\\u043a\\u0442 \\u043c\\u0435\\u043d\\u044e \\u0440\\u0435\\u0441\\u0442\\u043e\\u0440\\u0430\\u043d\\u0430\", \"object\": \"Star Burger \\u0415\\u0432\\u0440\\u043e\\u043f\\u0435\\u0439\\u0441\\u043a\\u0438\\u0439 - \\u0411\\u0435\\u043a\\u043e\\u043d\\u0430\\u0439\\u0437\\u0435\\u0440\", \"fields\": [\"\\u0412 \\u043f\\u0440\\u043e\\u0434\\u0430\\u0436\\u0435\"]}}]"}}, {"model": "admin.logentry", "pk": 94, "fields": {"action_time": "2023-02-25T14:16:07.665Z", "user": 2, "content_type": 3, "object_id": "2", "object_repr": "Star Burger Цветной", "action_flag": 2, "change_message": "[{\"changed\": {\"name\": \"\\u043f\\u0443\\u043d\\u043a\\u0442 \\u043c\\u0435\\u043d\\u044e \\u0440\\u0435\\u0441\\u0442\\u043e\\u0440\\u0430\\u043d\\u0430\", \"object\": \"Star Burger \\u0426\\u0432\\u0435\\u0442\\u043d\\u043e\\u0439 - \\u0411\\u0435\\u043a\\u043e\\u043d\\u0430\\u0439\\u0437\\u0435\\u0440\", \"fields\": [\"\\u0412 \\u043f\\u0440\\u043e\\u0434\\u0430\\u0436\\u0435\"]}}]"}}, {"model": "admin.logentry", "pk": 95, "fields": {"action_time": "2023-02-25T14:44:15.540Z", "user": 2, "content_type": 1, "object_id": "14", "object_repr": "Эльнар Менгельбаев Москва Красная Площадь", "action_flag": 2, "change_message": "[{\"changed\": {\"fields\": [\"\\u0421\\u0442\\u0430\\u0442\\u0443\\u0441\", \"\\u0412\\u044b\\u0431\\u0440\\u0430\\u043d\\u043d\\u044b\\u0439 \\u0434\\u043b\\u044f \\u043f\\u0440\\u0438\\u0433\\u043e\\u0442\\u043e\\u0432\\u043b\\u0435\\u043d\\u0438\\u044f \\u0440\\u0435\\u0441\\u0442\\u043e\\u0440\\u0430\\u043d\"]}}]"}}, {"model": "admin.logentry", "pk": 96, "fields": {"action_time": "2023-02-25T14:44:41.286Z", "user": 2, "content_type": 1, "object_id": "14", "object_repr": "Эльнар Менгельбаев Москва Красная Площадь", "action_flag": 2, "change_message": "[{\"changed\": {\"name\": \"\\u0437\\u0430\\u043a\\u0430\\u0437\\u0430\\u043d\\u043d\\u044b\\u0439 \\u043f\\u0440\\u043e\\u0434\\u0443\\u043a\\u0442\", \"object\": \"\\u0411\\u0435\\u043a\\u043e\\u043d\\u0430\\u0439\\u0437\\u0435\\u0440 2 \\u0448\\u0442.\", \"fields\": [\"\\u041f\\u0440\\u043e\\u0434\\u0443\\u043a\\u0442\"]}}]"}}, {"model": "admin.logentry", "pk": 97, "fields": {"action_time": "2023-02-25T15:00:31.505Z", "user": 2, "content_type": 3, "object_id": "1", "object_repr": "Star Burger Арбат", "action_flag": 2, "change_message": "[{\"changed\": {\"name\": \"\\u043f\\u0443\\u043d\\u043a\\u0442 \\u043c\\u0435\\u043d\\u044e \\u0440\\u0435\\u0441\\u0442\\u043e\\u0440\\u0430\\u043d\\u0430\", \"object\": \"Star Burger \\u0410\\u0440\\u0431\\u0430\\u0442 - \\u0411\\u0435\\u043a\\u043e\\u043d\\u0430\\u0439\\u0437\\u0435\\u0440\", \"fields\": [\"\\u0412 \\u043f\\u0440\\u043e\\u0434\\u0430\\u0436\\u0435\"]}}]"}}, {"model": "admin.logentry", "pk": 98, "fields": {"action_time": "2023-02-25T15:01:42.832Z", "user": 2, "content_type": 1, "object_id": "19", "object_repr": "Зорик Менгельбаева улица Арбат", "action_flag": 3, "change_message": ""}}, {"model": "admin.logentry", "pk": 99, "fields": {"action_time": "2023-02-25T15:01:42.842Z", "user": 2, "content_type": 1, "object_id": "18", "object_repr": "Зарина Менгельбаева Москва", "action_flag": 3, "change_message": ""}}, {"model": "admin.logentry", "pk": 100, "fields": {"action_time": "2023-02-25T15:01:42.851Z", "user": 2, "content_type": 1, "object_id": "17", "object_repr": "Эльнар Менгельбаев dfsthyh", "action_flag": 3, "change_message": ""}}, {"model": "admin.logentry", "pk": 101, "fields": {"action_time": "2023-02-25T15:01:42.859Z", "user": 2, "content_type": 1, "object_id": "16", "object_repr": "Умарокос Менгеьбуш г. Бурса", "action_flag": 3, "change_message": ""}}, {"model": "admin.logentry", "pk": 102, "fields": {"action_time": "2023-02-25T15:01:42.867Z", "user": 2, "content_type": 1, "object_id": "15", "object_repr": "Умарокос Менгеьбуш г. Бурса", "action_flag": 3, "change_message": ""}}, {"model": "admin.logentry", "pk": 103, "fields": {"action_time": "2023-02-25T15:01:42.875Z", "user": 2, "content_type": 1, "object_id": "14", "object_repr": "Эльнар Менгельбаев Москва Красная Площадь", "action_flag": 3, "change_message": ""}}, {"model": "admin.logentry", "pk": 104, "fields": {"action_time": "2023-02-25T15:01:52.183Z", "user": 2, "content_type": 13, "object_id": "14", "object_repr": "улица Арбат, дом 10, Москва, Россия", "action_flag": 3, "change_message": ""}}, {"model": "admin.logentry", "pk": 105, "fields": {"action_time": "2023-02-25T15:01:52.192Z", "user": 2, "content_type": 13, "object_id": "13", "object_repr": "Москва, метро Савеловская", "action_flag": 3, "change_message": ""}}, {"model": "admin.logentry", "pk": 106, "fields": {"action_time": "2023-02-25T15:01:52.201Z", "user": 2, "content_type": 13, "object_id": "12", "object_repr": "dfsthyh", "action_flag": 3, "change_message": ""}}, {"model": "admin.logentry", "pk": 107, "fields": {"action_time": "2023-02-25T15:01:52.213Z", "user": 2, "content_type": 13, "object_id": "11", "object_repr": "Москва Красная Площадь", "action_flag": 3, "change_message": ""}}, {"model": "admin.logentry", "pk": 108, "fields": {"action_time": "2023-02-25T15:01:52.227Z", "user": 2, "content_type": 13, "object_id": "10", "object_repr": "Москва, Красная Площадь", "action_flag": 3, "change_message": ""}}, {"model": "admin.logentry", "pk": 109, "fields": {"action_time": "2023-02-25T15:01:52.236Z", "user": 2, "content_type": 13, "object_id": "9", "object_repr": "Куликовы Копани, переулок Садовый, 14", "action_flag": 3, "change_message": ""}}, {"model": "admin.logentry", "pk": 110, "fields": {"action_time": "2023-02-25T15:01:52.245Z", "user": 2, "content_type": 13, "object_id": "8", "object_repr": "Став", "action_flag": 3, "change_message": ""}}, {"model": "admin.logentry", "pk": 111, "fields": {"action_time": "2023-02-25T15:01:52.254Z", "user": 2, "content_type": 13, "object_id": "7", "object_repr": "Москва, Крас", "action_flag": 3, "change_message": ""}}, {"model": "admin.logentry", "pk": 112, "fields": {"action_time": "2023-02-25T15:01:52.264Z", "user": 2, "content_type": 13, "object_id": "6", "object_repr": "Ставрополь, ул. Пирогова 5а, корпус 6, квартира 84", "action_flag": 3, "change_message": ""}}, {"model": "admin.logentry", "pk": 113, "fields": {"action_time": "2023-02-25T15:01:52.272Z", "user": 2, "content_type": 13, "object_id": "5", "object_repr": "Москва, Красная площадь", "action_flag": 3, "change_message": ""}}, {"model": "admin.logentry", "pk": 114, "fields": {"action_time": "2023-02-25T15:01:52.280Z", "user": 2, "content_type": 13, "object_id": "4", "object_repr": "Москва, Цветной бульвар, 11с2\"", "action_flag": 3, "change_message": ""}}, {"model": "admin.logentry", "pk": 115, "fields": {"action_time": "2023-02-25T15:01:52.288Z", "user": 2, "content_type": 13, "object_id": "3", "object_repr": "Москва, пл. Киевского Вокзала, 2", "action_flag": 3, "change_message": ""}}, {"model": "admin.logentry", "pk": 116, "fields": {"action_time": "2023-02-25T15:01:52.296Z", "user": 2, "content_type": 13, "object_id": "2", "object_repr": "Москва, ул. Новый Арбат, 15", "action_flag": 3, "change_message": ""}}, {"model": "admin.logentry", "pk": 117, "fields": {"action_time": "2023-02-25T15:01:52.304Z", "user": 2, "content_type": 13, "object_id": "1", "object_repr": "г. Бурса, Гюрсу Токи, dy-50, квартира 10", "action_flag": 3, "change_message": ""}}, {"model": "admin.logentry", "pk": 118, "fields": {"action_time": "2023-02-25T15:18:12.892Z", "user": 2, "content_type": 1, "object_id": "20", "object_repr": "Эльнар Менгельбаев Москва", "action_flag": 2, "change_message": "[{\"changed\": {\"fields\": [\"\\u0410\\u0434\\u0440\\u0435\\u0441\", \"\\u0421\\u043f\\u043e\\u0441\\u043e\\u0431 \\u043e\\u043f\\u043b\\u0430\\u0442\\u044b\"]}}]"}}, {"model": "admin.logentry", "pk": 119, "fields": {"action_time": "2023-02-25T15:39:58.680Z", "user": 2, "content_type": 1, "object_id": "20", "object_repr": "Эльнар Менгельбаев Москва", "action_flag": 2, "change_message": "[{\"changed\": {\"fields\": [\"\\u0410\\u0434\\u0440\\u0435\\u0441\"]}}]"}}, {"model": "admin.logentry", "pk": 120, "fields": {"action_time": "2023-02-26T06:25:29.955Z", "user": 2, "content_type": 1, "object_id": "20", "object_repr": "Эльнар Менгельбаев г. Бурса", "action_flag": 2, "change_message": "[{\"changed\": {\"fields\": [\"\\u0410\\u0434\\u0440\\u0435\\u0441\"]}}]"}}, {"model": "admin.logentry", "pk": 121, "fields": {"action_time": "2023-02-26T06:59:23.732Z", "user": 2, "content_type": 1, "object_id": "24", "object_repr": "Elnar Meng Ставрополь", "action_flag": 2, "change_message": "[{\"changed\": {\"fields\": [\"\\u0421\\u043f\\u043e\\u0441\\u043e\\u0431 \\u043e\\u043f\\u043b\\u0430\\u0442\\u044b\"]}}]"}}, {"model": "admin.logentry", "pk": 122, "fields": {"action_time": "2023-02-26T07:02:42.667Z", "user": 2, "content_type": 1, "object_id": "23", "object_repr": "Эльнар Менгельбаев Куликовы Копани переулок Садовы 14", "action_flag": 3, "change_message": ""}}, {"model": "admin.logentry", "pk": 123, "fields": {"action_time": "2023-02-26T07:02:42.676Z", "user": 2, "content_type": 1, "object_id": "22", "object_repr": "Умар Менгельбаев Ставрополь", "action_flag": 3, "change_message": ""}}, {"model": "admin.logentry", "pk": 124, "fields": {"action_time": "2023-02-26T07:02:42.684Z", "user": 2, "content_type": 1, "object_id": "21", "object_repr": "Умар Менгельбаев Ставрополь", "action_flag": 3, "change_message": ""}}, {"model": "admin.logentry", "pk": 125, "fields": {"action_time": "2023-02-26T07:02:42.692Z", "user": 2, "content_type": 1, "object_id": "20", "object_repr": "Эльнар Менгельбаев г. Бурса", "action_flag": 3, "change_message": ""}}, {"model": "admin.logentry", "pk": 126, "fields": {"action_time": "2023-02-26T08:02:11.626Z", "user": 2, "content_type": 1, "object_id": "25", "object_repr": "Умар Менгельбаев Ставрополь", "action_flag": 2, "change_message": "[{\"changed\": {\"fields\": [\"\\u0410\\u0434\\u0440\\u0435\\u0441\", \"\\u0421\\u043f\\u043e\\u0441\\u043e\\u0431 \\u043e\\u043f\\u043b\\u0430\\u0442\\u044b\"]}}]"}}, {"model": "admin.logentry", "pk": 127, "fields": {"action_time": "2023-02-26T08:02:37.832Z", "user": 2, "content_type": 1, "object_id": "24", "object_repr": "Elnar Meng Ставрополь", "action_flag": 3, "change_message": ""}}, {"model": "admin.logentry", "pk": 128, "fields": {"action_time": "2023-02-26T08:04:02.014Z", "user": 2, "content_type": 1, "object_id": "26", "object_repr": "Зорик Менгельбаева Москва Теплый стан", "action_flag": 3, "change_message": ""}}, {"model": "admin.logentry", "pk": 129, "fields": {"action_time": "2023-02-26T08:04:02.026Z", "user": 2, "content_type": 1, "object_id": "25", "object_repr": "Умар Менгельбаев Ставрополь", "action_flag": 3, "change_message": ""}}, {"model": "admin.logentry", "pk": 130, "fields": {"action_time": "2023-03-05T15:14:04.810Z", "user": 2, "content_type": 1, "object_id": "30", "object_repr": "Джамиля Попова Георгиевск", "action_flag": 3, "change_message": ""}}, {"model": "admin.logentry", "pk": 131, "fields": {"action_time": "2023-03-05T15:14:04.841Z", "user": 2, "content_type": 1, "object_id": "29", "object_repr": "Умаракос Менгельбаев Москва", "action_flag": 3, "change_message": ""}}, {"model": "admin.logentry", "pk": 132, "fields": {"action_time": "2023-03-05T15:14:04.877Z", "user": 2, "content_type": 1, "object_id": "28", "object_repr": "Эльнар Менгельбаев Москва", "action_flag": 3, "change_message": ""}}, {"model": "admin.logentry", "pk": 133, "fields": {"action_time": "2023-03-05T15:14:05.199Z", "user": 2, "content_type": 1, "object_id": "27", "object_repr": "Эльнар Менгельбаев Ставрополь Серова 10", "action_flag": 3, "change_message": ""}}, {"model": "admin.logentry", "pk": 134, "fields": {"action_time": "2023-03-06T09:12:33.768Z", "user": 2, "content_type": 1, "object_id": "31", "object_repr": "Эльнар Менгельбаев Москва", "action_flag": 2, "change_message": "[{\"changed\": {\"fields\": [\"\\u0421\\u043f\\u043e\\u0441\\u043e\\u0431 \\u043e\\u043f\\u043b\\u0430\\u0442\\u044b\"]}}]"}}, {"model": "admin.logentry", "pk": 135, "fields": {"action_time": "2023-03-06T09:28:29.848Z", "user": 2, "content_type": 1, "object_id": "31", "object_repr": "Эльнар Менгельбаев Ку", "action_flag": 2, "change_message": "[{\"changed\": {\"fields\": [\"\\u0410\\u0434\\u0440\\u0435\\u0441\"]}}]"}}, {"model": "admin.logentry", "pk": 136, "fields": {"action_time": "2023-03-06T09:28:47.409Z", "user": 2, "content_type": 1, "object_id": "31", "object_repr": "Эльнар Менгельбаев Куликовы Копани переулок Садовы 14", "action_flag": 2, "change_message": "[{\"changed\": {\"fields\": [\"\\u0410\\u0434\\u0440\\u0435\\u0441\"]}}]"}}, {"model": "admin.logentry", "pk": 137, "fields": {"action_time": "2023-03-06T09:29:07.675Z", "user": 2, "content_type": 1, "object_id": "31", "object_repr": "Эльнар Менгельбаев Ку", "action_flag": 2, "change_message": "[{\"changed\": {\"fields\": [\"\\u0410\\u0434\\u0440\\u0435\\u0441\"]}}]"}}, {"model": "admin.logentry", "pk": 138, "fields": {"action_time": "2023-03-06T09:31:08.474Z", "user": 2, "content_type": 1, "object_id": "31", "object_repr": "Эльнар Менгельбаев Кулики", "action_flag": 2, "change_message": "[{\"changed\": {\"fields\": [\"\\u0410\\u0434\\u0440\\u0435\\u0441\"]}}]"}}, {"model": "admin.logentry", "pk": 139, "fields": {"action_time": "2023-03-06T11:15:32.114Z", "user": 2, "content_type": 1, "object_id": "31", "object_repr": "Эльнар Менгельбаев Кулики", "action_flag": 2, "change_message": "[]"}}, {"model": "admin.logentry", "pk": 140, "fields": {"action_time": "2023-03-06T11:16:11.617Z", "user": 2, "content_type": 1, "object_id": "31", "object_repr": "Эльнар Менгельбаев Куликовы Копани переулок Садовы 14", "action_flag": 2, "change_message": "[{\"changed\": {\"fields\": [\"\\u0410\\u0434\\u0440\\u0435\\u0441\"]}}]"}}, {"model": "admin.logentry", "pk": 141, "fields": {"action_time": "2023-03-06T11:16:27.511Z", "user": 2, "content_type": 1, "object_id": "31", "object_repr": "Эльнар Менгельбаев Ку", "action_flag": 2, "change_message": "[{\"changed\": {\"fields\": [\"\\u0410\\u0434\\u0440\\u0435\\u0441\"]}}]"}}, {"model": "admin.logentry", "pk": 142, "fields": {"action_time": "2023-03-06T11:21:02.400Z", "user": 2, "content_type": 1, "object_id": "35", "object_repr": "Жамиля Абдуллаева Казань", "action_flag": 2, "change_message": "[{\"changed\": {\"fields\": [\"\\u0410\\u0434\\u0440\\u0435\\u0441\", \"\\u0421\\u043f\\u043e\\u0441\\u043e\\u0431 \\u043e\\u043f\\u043b\\u0430\\u0442\\u044b\"]}}]"}}, {"model": "admin.logentry", "pk": 143, "fields": {"action_time": "2023-03-06T11:21:54.859Z", "user": 2, "content_type": 1, "object_id": "35", "object_repr": "Жамиля Абдуллаева Казань", "action_flag": 2, "change_message": "[{\"changed\": {\"fields\": [\"\\u0410\\u0434\\u0440\\u0435\\u0441\"]}}]"}}, {"model": "admin.logentry", "pk": 144, "fields": {"action_time": "2023-03-06T11:24:51.238Z", "user": 2, "content_type": 1, "object_id": "34", "object_repr": "Умар Менгельбаев Ставрополь. Пирогова 5", "action_flag": 3, "change_message": ""}}, {"model": "admin.logentry", "pk": 145, "fields": {"action_time": "2023-03-06T11:24:51.251Z", "user": 2, "content_type": 1, "object_id": "33", "object_repr": "Джамиля Попова Бурса", "action_flag": 3, "change_message": ""}}, {"model": "admin.logentry", "pk": 146, "fields": {"action_time": "2023-03-06T11:24:51.259Z", "user": 2, "content_type": 1, "object_id": "32", "object_repr": "Эдапв цкуекноу Ставрополь", "action_flag": 3, "change_message": ""}}, {"model": "admin.logentry", "pk": 147, "fields": {"action_time": "2023-03-06T11:24:51.268Z", "user": 2, "content_type": 1, "object_id": "31", "object_repr": "Эльнар Менгельбаев Ку", "action_flag": 3, "change_message": ""}}, {"model": "admin.logentry", "pk": 148, "fields": {"action_time": "2023-03-06T11:25:23.688Z", "user": 2, "content_type": 1, "object_id": "35", "object_repr": "Жамиля Абдуллаева Казань", "action_flag": 2, "change_message": "[]"}}, {"model": "admin.logentry", "pk": 149, "fields": {"action_time": "2023-03-06T11:26:28.296Z", "user": 2, "content_type": 13, "object_id": "35", "object_repr": "Казань, Бурхана Шахиди, 7", "action_flag": 2, "change_message": "[]"}}, {"model": "admin.logentry", "pk": 150, "fields": {"action_time": "2023-03-06T11:26:47.675Z", "user": 2, "content_type": 1, "object_id": "35", "object_repr": "Жамиля Абдуллаева Казань", "action_flag": 2, "change_message": "[]"}}, {"model": "admin.logentry", "pk": 151, "fields": {"action_time": "2023-03-06T11:27:38.826Z", "user": 2, "content_type": 1, "object_id": "35", "object_repr": "Жамиля Абдуллаева Казань", "action_flag": 2, "change_message": "[{\"changed\": {\"fields\": [\"\\u0410\\u0434\\u0440\\u0435\\u0441\"]}}]"}}, {"model": "admin.logentry", "pk": 152, "fields": {"action_time": "2023-03-06T11:29:00.239Z", "user": 2, "content_type": 1, "object_id": "36", "object_repr": "Умарокос Менгельбаев Ставрополь", "action_flag": 2, "change_message": "[{\"changed\": {\"fields\": [\"\\u0410\\u0434\\u0440\\u0435\\u0441\", \"\\u0421\\u043f\\u043e\\u0441\\u043e\\u0431 \\u043e\\u043f\\u043b\\u0430\\u0442\\u044b\"]}}]"}}, {"model": "admin.logentry", "pk": 153, "fields": {"action_time": "2023-03-06T11:29:20.137Z", "user": 2, "content_type": 1, "object_id": "36", "object_repr": "Умарокос Менгельбаев Казань", "action_flag": 2, "change_message": "[{\"changed\": {\"fields\": [\"\\u0410\\u0434\\u0440\\u0435\\u0441\"]}}]"}}, {"model": "admin.logentry", "pk": 154, "fields": {"action_time": "2023-03-06T11:30:39.692Z", "user": 2, "content_type": 1, "object_id": "36", "object_repr": "Умарокос Менгельбаев Казань", "action_flag": 2, "change_message": "[]"}}, {"model": "admin.logentry", "pk": 155, "fields": {"action_time": "2023-03-06T11:32:04.255Z", "user": 2, "content_type": 1, "object_id": "37", "object_repr": "Зорик Менгельбаев Ставрополь Рогожникова 2", "action_flag": 2, "change_message": "[{\"changed\": {\"fields\": [\"\\u0410\\u0434\\u0440\\u0435\\u0441\", \"\\u0421\\u043f\\u043e\\u0441\\u043e\\u0431 \\u043e\\u043f\\u043b\\u0430\\u0442\\u044b\"]}}]"}}, {"model": "admin.logentry", "pk": 156, "fields": {"action_time": "2023-03-10T16:03:00.782Z", "user": 2, "content_type": 1, "object_id": "35", "object_repr": "Жамиля Абдуллаева Куликовы Копани переулок Садовы 14", "action_flag": 2, "change_message": "[{\"changed\": {\"fields\": [\"\\u0410\\u0434\\u0440\\u0435\\u0441\"]}}]"}}, {"model": "admin.logentry", "pk": 157, "fields": {"action_time": "2023-03-10T16:03:35.980Z", "user": 2, "content_type": 1, "object_id": "35", "object_repr": "Жамиля Абдуллаева Москва", "action_flag": 2, "change_message": "[{\"changed\": {\"fields\": [\"\\u0410\\u0434\\u0440\\u0435\\u0441\"]}}]"}}, {"model": "admin.logentry", "pk": 158, "fields": {"action_time": "2023-03-10T16:05:14.277Z", "user": 2, "content_type": 1, "object_id": "35", "object_repr": "Жамиля Абдуллаева Москва", "action_flag": 2, "change_message": "[{\"changed\": {\"fields\": [\"\\u0410\\u0434\\u0440\\u0435\\u0441\"]}}]"}}, {"model": "admin.logentry", "pk": 159, "fields": {"action_time": "2023-03-10T16:05:37.829Z", "user": 2, "content_type": 1, "object_id": "37", "object_repr": "Зорик Менгельбаев Москва", "action_flag": 2, "change_message": "[{\"changed\": {\"fields\": [\"\\u0410\\u0434\\u0440\\u0435\\u0441\"]}}]"}}, {"model": "admin.logentry", "pk": 160, "fields": {"action_time": "2023-03-10T16:13:27.640Z", "user": 2, "content_type": 1, "object_id": "36", "object_repr": "Умарокос Менгельбаев Москва Академика Королева 12", "action_flag": 2, "change_message": "[{\"changed\": {\"fields\": [\"\\u0410\\u0434\\u0440\\u0435\\u0441\"]}}]"}}, {"model": "admin.logentry", "pk": 161, "fields": {"action_time": "2023-03-10T16:13:29.484Z", "user": 2, "content_type": 1, "object_id": "36", "object_repr": "Умарокос Менгельбаев Москва Академика Королева 12", "action_flag": 2, "change_message": "[]"}}, {"model": "admin.logentry", "pk": 162, "fields": {"action_time": "2023-03-10T16:55:23.524Z", "user": 2, "content_type": 1, "object_id": "35", "object_repr": "Жамиля Абдуллаева Москва", "action_flag": 2, "change_message": "[{\"changed\": {\"fields\": [\"\\u0410\\u0434\\u0440\\u0435\\u0441\"]}}]"}}, {"model": "admin.logentry", "pk": 163, "fields": {"action_time": "2023-03-10T17:26:17.634Z", "user": 2, "content_type": 1, "object_id": "37", "object_repr": "Зорик Менгельбаев Москва", "action_flag": 2, "change_message": "[]"}}, {"model": "admin.logentry", "pk": 164, "fields": {"action_time": "2023-03-10T17:27:32.735Z", "user": 2, "content_type": 1, "object_id": "35", "object_repr": "Жамиля Абдуллаева Москва", "action_flag": 2, "change_message": "[]"}}, {"model": "admin.logentry", "pk": 165, "fields": {"action_time": "2023-03-11T09:47:10.037Z", "user": 2, "content_type": 1, "object_id": "38", "object_repr": "Эльнар Менгельбаев Москва Новый Арбат 2", "action_flag": 3, "change_message": ""}}, {"model": "admin.logentry", "pk": 166, "fields": {"action_time": "2023-03-11T11:04:24.006Z", "user": 2, "content_type": 1, "object_id": "43", "object_repr": "Джамиля Попова Москва", "action_flag": 2, "change_message": "[{\"changed\": {\"fields\": [\"\\u0410\\u0434\\u0440\\u0435\\u0441\", \"\\u0421\\u043f\\u043e\\u0441\\u043e\\u0431 \\u043e\\u043f\\u043b\\u0430\\u0442\\u044b\"]}}]"}}, {"model": "admin.logentry", "pk": 167, "fields": {"action_time": "2023-03-11T11:05:09.266Z", "user": 2, "content_type": 1, "object_id": "41", "object_repr": "Эльнар Менгельбаев Ставрополь Пирогова 5а корпус 6", "action_flag": 2, "change_message": "[{\"changed\": {\"fields\": [\"\\u0410\\u0434\\u0440\\u0435\\u0441\", \"\\u0421\\u043f\\u043e\\u0441\\u043e\\u0431 \\u043e\\u043f\\u043b\\u0430\\u0442\\u044b\"]}}]"}}, {"model": "admin.logentry", "pk": 168, "fields": {"action_time": "2023-03-11T11:17:04.422Z", "user": 2, "content_type": 1, "object_id": "45", "object_repr": "Авуцку уйкцеу Москва", "action_flag": 2, "change_message": "[{\"changed\": {\"fields\": [\"\\u0410\\u0434\\u0440\\u0435\\u0441\", \"\\u0421\\u043f\\u043e\\u0441\\u043e\\u0431 \\u043e\\u043f\\u043b\\u0430\\u0442\\u044b\"]}}]"}}, {"model": "admin.logentry", "pk": 169, "fields": {"action_time": "2023-03-11T12:27:02.158Z", "user": 2, "content_type": 1, "object_id": "39", "object_repr": "Эльнар Менгельбаев г. Бурса", "action_flag": 2, "change_message": "[{\"changed\": {\"fields\": [\"\\u0410\\u0434\\u0440\\u0435\\u0441\", \"\\u0421\\u043f\\u043e\\u0441\\u043e\\u0431 \\u043e\\u043f\\u043b\\u0430\\u0442\\u044b\"]}}]"}}, {"model": "admin.logentry", "pk": 170, "fields": {"action_time": "2023-03-11T12:27:44.402Z", "user": 2, "content_type": 1, "object_id": "40", "object_repr": "Злалс пкврег 0Куликовы Копани переулок Садовы 10", "action_flag": 2, "change_message": "[{\"changed\": {\"fields\": [\"\\u0410\\u0434\\u0440\\u0435\\u0441\", \"\\u0421\\u043f\\u043e\\u0441\\u043e\\u0431 \\u043e\\u043f\\u043b\\u0430\\u0442\\u044b\"]}}]"}}, {"model": "admin.logentry", "pk": 171, "fields": {"action_time": "2023-03-14T15:56:04.424Z", "user": 2, "content_type": 1, "object_id": "48", "object_repr": "дбуа уыепкнв Куликовы Копани Садовый 14", "action_flag": 2, "change_message": "[{\"changed\": {\"fields\": [\"\\u0421\\u043f\\u043e\\u0441\\u043e\\u0431 \\u043e\\u043f\\u043b\\u0430\\u0442\\u044b\"]}}]"}}, {"model": "admin.logentry", "pk": 172, "fields": {"action_time": "2023-03-14T15:56:51.355Z", "user": 2, "content_type": 1, "object_id": "48", "object_repr": "дбуа уыепкнв Москва Новый Арбат 2", "action_flag": 2, "change_message": "[{\"changed\": {\"fields\": [\"\\u0410\\u0434\\u0440\\u0435\\u0441\"]}}]"}}, {"model": "auth.permission", "pk": 1, "fields": {"name": "Can add заказ", "content_type": 1, "codename": "add_order"}}, {"model": "auth.permission", "pk": 2, "fields": {"name": "Can change заказ", "content_type": 1, "codename": "change_order"}}, {"model": "auth.permission", "pk": 3, "fields": {"name": "Can delete заказ", "content_type": 1, "codename": "delete_order"}}, {"model": "auth.permission", "pk": 4, "fields": {"name": "Can view заказ", "content_type": 1, "codename": "view_order"}}, {"model": "auth.permission", "pk": 5, "fields": {"name": "Can add категория", "content_type": 2, "codename": "add_productcategory"}}, {"model": "auth.permission", "pk": 6, "fields": {"name": "Can change категория", "content_type": 2, "codename": "change_productcategory"}}, {"model": "auth.permission", "pk": 7, "fields": {"name": "Can delete категория", "content_type": 2, "codename": "delete_productcategory"}}, {"model": "auth.permission", "pk": 8, "fields": {"name": "Can view категория", "content_type": 2, "codename": "view_productcategory"}}, {"model": "auth.permission", "pk": 9, "fields": {"name": "Can add ресторан", "content_type": 3, "codename": "add_restaurant"}}, {"model": "auth.permission", "pk": 10, "fields": {"name": "Can change ресторан", "content_type": 3, "codename": "change_restaurant"}}, {"model": "auth.permission", "pk": 11, "fields": {"name": "Can delete ресторан", "content_type": 3, "codename": "delete_restaurant"}}, {"model": "auth.permission", "pk": 12, "fields": {"name": "Can view ресторан", "content_type": 3, "codename": "view_restaurant"}}, {"model": "auth.permission", "pk": 13, "fields": {"name": "Can add товар", "content_type": 4, "codename": "add_product"}}, {"model": "auth.permission", "pk": 14, "fields": {"name": "Can change товар", "content_type": 4, "codename": "change_product"}}, {"model": "auth.permission", "pk": 15, "fields": {"name": "Can delete товар", "content_type": 4, "codename": "delete_product"}}, {"model": "auth.permission", "pk": 16, "fields": {"name": "Can view товар", "content_type": 4, "codename": "view_product"}}, {"model": "auth.permission", "pk": 17, "fields": {"name": "Can add заказанный продукт", "content_type": 5, "codename": "add_orderproduct"}}, {"model": "auth.permission", "pk": 18, "fields": {"name": "Can change заказанный продукт", "content_type": 5, "codename": "change_orderproduct"}}, {"model": "auth.permission", "pk": 19, "fields": {"name": "Can delete заказанный продукт", "content_type": 5, "codename": "delete_orderproduct"}}, {"model": "auth.permission", "pk": 20, "fields": {"name": "Can view заказанный продукт", "content_type": 5, "codename": "view_orderproduct"}}, {"model": "auth.permission", "pk": 21, "fields": {"name": "Can add пункт меню ресторана", "content_type": 6, "codename": "add_restaurantmenuitem"}}, {"model": "auth.permission", "pk": 22, "fields": {"name": "Can change пункт меню ресторана", "content_type": 6, "codename": "change_restaurantmenuitem"}}, {"model": "auth.permission", "pk": 23, "fields": {"name": "Can delete пункт меню ресторана", "content_type": 6, "codename": "delete_restaurantmenuitem"}}, {"model": "auth.permission", "pk": 24, "fields": {"name": "Can view пункт меню ресторана", "content_type": 6, "codename": "view_restaurantmenuitem"}}, {"model": "auth.permission", "pk": 25, "fields": {"name": "Can add log entry", "content_type": 7, "codename": "add_logentry"}}, {"model": "auth.permission", "pk": 26, "fields": {"name": "Can change log entry", "content_type": 7, "codename": "change_logentry"}}, {"model": "auth.permission", "pk": 27, "fields": {"name": "Can delete log entry", "content_type": 7, "codename": "delete_logentry"}}, {"model": "auth.permission", "pk": 28, "fields": {"name": "Can view log entry", "content_type": 7, "codename": "view_logentry"}}, {"model": "auth.permission", "pk": 29, "fields": {"name": "Can add permission", "content_type": 8, "codename": "add_permission"}}, {"model": "auth.permission", "pk": 30, "fields": {"name": "Can change permission", "content_type": 8, "codename": "change_permission"}}, {"model": "auth.permission", "pk": 31, "fields": {"name": "Can delete permission", "content_type": 8, "codename": "delete_permission"}}, {"model": "auth.permission", "pk": 32, "fields": {"name": "Can view permission", "content_type": 8, "codename": "view_permission"}}, {"model": "auth.permission", "pk": 33, "fields": {"name": "Can add group", "content_type": 9, "codename": "add_group"}}, {"model": "auth.permission", "pk": 34, "fields": {"name": "Can change group", "content_type": 9, "codename": "change_group"}}, {"model": "auth.permission", "pk": 35, "fields": {"name": "Can delete group", "content_type": 9, "codename": "delete_group"}}, {"model": "auth.permission", "pk": 36, "fields": {"name": "Can view group", "content_type": 9, "codename": "view_group"}}, {"model": "auth.permission", "pk": 37, "fields": {"name": "Can add user", "content_type": 10, "codename": "add_user"}}, {"model": "auth.permission", "pk": 38, "fields": {"name": "Can change user", "content_type": 10, "codename": "change_user"}}, {"model": "auth.permission", "pk": 39, "fields": {"name": "Can delete user", "content_type": 10, "codename": "delete_user"}}, {"model": "auth.permission", "pk": 40, "fields": {"name": "Can view user", "content_type": 10, "codename": "view_user"}}, {"model": "auth.permission", "pk": 41, "fields": {"name": "Can add content type", "content_type": 11, "codename": "add_contenttype"}}, {"model": "auth.permission", "pk": 42, "fields": {"name": "Can change content type", "content_type": 11, "codename": "change_contenttype"}}, {"model": "auth.permission", "pk": 43, "fields": {"name": "Can delete content type", "content_type": 11, "codename": "delete_contenttype"}}, {"model": "auth.permission", "pk": 44, "fields": {"name": "Can view content type", "content_type": 11, "codename": "view_contenttype"}}, {"model": "auth.permission", "pk": 45, "fields": {"name": "Can add session", "content_type": 12, "codename": "add_session"}}, {"model": "auth.permission", "pk": 46, "fields": {"name": "Can change session", "content_type": 12, "codename": "change_session"}}, {"model": "auth.permission", "pk": 47, "fields": {"name": "Can delete session", "content_type": 12, "codename": "delete_session"}}, {"model": "auth.permission", "pk": 48, "fields": {"name": "Can view session", "content_type": 12, "codename": "view_session"}}, {"model": "auth.permission", "pk": 49, "fields": {"name": "Can add Место", "content_type": 13, "codename": "add_place"}}, {"model": "auth.permission", "pk": 50, "fields": {"name": "Can change Место", "content_type": 13, "codename": "change_place"}}, {"model": "auth.permission", "pk": 51, "fields": {"name": "Can delete Место", "content_type": 13, "codename": "delete_place"}}, {"model": "auth.permission", "pk": 52, "fields": {"name": "Can view Место", "content_type": 13, "codename": "view_place"}}, {"model": "auth.user", "pk": 2, "fields": {"password": "pbkdf2_sha256$260000$viIKfkR5yLwnXtZX3TSr6z$pdJucWC1IrF3Ogs+CAjJfJH9bkyCypD2SS+gKZHCiBo=", "last_login": "2023-03-05T06:53:55.464Z", "is_superuser": true, "username": "elnar", "first_name": "", "last_name": "", "email": "", "is_staff": true, "is_active": true, "date_joined": "2023-02-16T13:00:27.169Z", "groups": [], "user_permissions": []}}, {"model": "contenttypes.contenttype", "pk": 1, "fields": {"app_label": "foodcartapp", "model": "order"}}, {"model": "contenttypes.contenttype", "pk": 2, "fields": {"app_label": "foodcartapp", "model": "productcategory"}}, {"model": "contenttypes.contenttype", "pk": 3, "fields": {"app_label": "foodcartapp", "model": "restaurant"}}, {"model": "contenttypes.contenttype", "pk": 4, "fields": {"app_label": "foodcartapp", "model": "product"}}, {"model": "contenttypes.contenttype", "pk": 5, "fields": {"app_label": "foodcartapp", "model": "orderproduct"}}, {"model": "contenttypes.contenttype", "pk": 6, "fields": {"app_label": "foodcartapp", "model": "restaurantmenuitem"}}, {"model": "contenttypes.contenttype", "pk": 7, "fields": {"app_label": "admin", "model": "logentry"}}, {"model": "contenttypes.contenttype", "pk": 8, "fields": {"app_label": "auth", "model": "permission"}}, {"model": "contenttypes.contenttype", "pk": 9, "fields": {"app_label": "auth", "model": "group"}}, {"model": "contenttypes.contenttype", "pk": 10, "fields": {"app_label": "auth", "model": "user"}}, {"model": "contenttypes.contenttype", "pk": 11, "fields": {"app_label": "contenttypes", "model": "contenttype"}}, {"model": "contenttypes.contenttype", "pk": 12, "fields": {"app_label": "sessions", "model": "session"}}, {"model": "contenttypes.contenttype", "pk": 13, "fields": {"app_label": "placesapp", "model": "place"}}, {"model": "sessions.session", "pk": "lj2azkwl5uqqqw3adb5xi6e4isg323th", "fields": {"session_data": ".eJxVjMEOwiAQRP-FsyGAQMGjd7-BLMuuVA1NSnsy_rtt0oNmbvPezFskWJea1k5zGou4CCNOv10GfFLbQXlAu08Sp7bMY5a7Ig_a5W0q9Loe7t9BhV63dSQK7DUwD8YriOctAY0bogqsclboWBVr0cWSKTjW3qjgirY2YgQUny_hcze9:1pSdsj:uyDgV_NdKLMowRsgodHLwqw0YlWtuyXR46Ao8Sg0GZI", "expire_date": "2023-03-02T13:01:01.030Z"}}, {"model": "sessions.session", "pk": "lm4n2a28fhyisgwm8padkfconk8xalgb", "fields": {"session_data": ".eJxVjMEOwiAQRP-FsyGAQMGjd7-BLMuuVA1NSnsy_rtt0oNmbvPezFskWJea1k5zGou4CCNOv10GfFLbQXlAu08Sp7bMY5a7Ig_a5W0q9Loe7t9BhV63dSQK7DUwD8YriOctAY0bogqsclboWBVr0cWSKTjW3qjgirY2YgQUny_hcze9:1pX1CG:iG7rfq0DVl0cSqYy5xzHW27Xj-aFgHl7-bzLWY_6V64", "expire_date": "2023-03-14T14:43:16.480Z"}}, {"model": "sessions.session", "pk": "ltuwfb1awo6wjw2htmqhx65a8q3whgi4", "fields": {"session_data": ".eJxVjMEOwiAQRP-FsyGAQMGjd7-BLMuuVA1NSnsy_rtt0oNmbvPezFskWJea1k5zGou4CCNOv10GfFLbQXlAu08Sp7bMY5a7Ig_a5W0q9Loe7t9BhV63dSQK7DUwD8YriOctAY0bogqsclboWBVr0cWSKTjW3qjgirY2YgQUny_hcze9:1pYiFn:kguQhrjRRDFsjweNVMfDjHKGA0_kAyGZ8zFOiPiPpi8", "expire_date": "2023-03-19T06:53:55.555Z"}}, {"model": "sessions.session", "pk": "u8en2rzw06hjbxd4k1ewq8kihza6mx99", "fields": {"session_data": ".eJxVjMEOwiAQRP-FsyGAQMGjd7-BLMuuVA1NSnsy_rtt0oNmbvPezFskWJea1k5zGou4CCNOv10GfFLbQXlAu08Sp7bMY5a7Ig_a5W0q9Loe7t9BhV63dSQK7DUwD8YriOctAY0bogqsclboWBVr0cWSKTjW3qjgirY2YgQUny_hcze9:1pVvFh:VN-gkRzi10Hx2V-4y9hmQWICjfEOEvoZ6bVIt5OZxIQ", "expire_date": "2023-03-11T14:10:17.411Z"}}, {"model": "placesapp.place", "pk": 15, "fields": {"address": "Ставропольский край, Куликовы Копани, пер. Садовый, 14", "longitude": "43.56", "latitude": "45.32", "update_at": "2023-02-25T15:08:42.728Z"}}, {"model": "placesapp.place", "pk": 16, "fields": {"address": "Москва, ул. Новый Арбат, 15", "longitude": "37.59", "latitude": "55.75", "update_at": "2023-02-25T15:08:43.748Z"}}, {"model": "placesapp.place", "pk": 17, "fields": {"address": "Москва, Цветной бульвар, 11с2\"", "longitude": "37.62", "latitude": "55.77", "update_at": "2023-02-25T15:08:44.369Z"}}, {"model": "placesapp.place", "pk": 18, "fields": {"address": "Москва, пл. Киевского Вокзала, 2", "longitude": "37.57", "latitude": "55.74", "update_at": "2023-02-25T15:08:45.068Z"}}, {"model": "placesapp.place", "pk": 19, "fields": {"address": "Ставрополь, Пирогова, 5а корпус 6", "longitude": "41.91", "latitude": "45.02", "update_at": "2023-02-25T15:15:39.713Z"}}, {"model": "placesapp.place", "pk": 20, "fields": {"address": "Москва, Красная площадь", "longitude": "37.62", "latitude": "55.75", "update_at": "2023-02-25T15:18:13.194Z"}}, {"model": "placesapp.place", "pk": 21, "fields": {"address": "Куликовы Копани переулок Садовы 14", "longitude": "37.91", "latitude": "45.02", "update_at": "2023-02-26T05:59:51.586Z"}}, {"model": "placesapp.place", "pk": 22, "fields": {"address": "г. Бурса, Гюрсу Токи, dy-50, квартира 10", "longitude": "29.07", "latitude": "40.19", "update_at": "2023-02-26T06:25:30.193Z"}}, {"model": "placesapp.place", "pk": 23, "fields": {"address": "Ставрополь, Рогожникова 11", "longitude": "41.90", "latitude": "45.01", "update_at": "2023-02-26T06:58:01.942Z"}}, {"model": "placesapp.place", "pk": 24, "fields": {"address": "токи", "longitude": "137.19", "latitude": "35.36", "update_at": "2023-02-26T07:28:23.749Z"}}, {"model": "placesapp.place", "pk": 25, "fields": {"address": "Москва Теплый стан", "longitude": "37.49", "latitude": "55.62", "update_at": "2023-02-26T07:38:26.489Z"}}, {"model": "placesapp.place", "pk": 26, "fields": {"address": "Ставрополь Серова 10", "longitude": "41.94", "latitude": "45.03", "update_at": "2023-02-26T08:05:08.433Z"}}, {"model": "placesapp.place", "pk": 27, "fields": {"address": "Георгиевск, Горькова, 198А", "longitude": "43.47", "latitude": "44.15", "update_at": "2023-03-05T14:23:42.295Z"}}, {"model": "placesapp.place", "pk": 28, "fields": {"address": "Москва, Красная Площадь", "longitude": "37.62", "latitude": "55.75", "update_at": "2023-03-05T15:14:37.700Z"}}, {"model": "placesapp.place", "pk": 29, "fields": {"address": "Ставрополь, Пирогова 5", "longitude": "41.92", "latitude": "45.02", "update_at": "2023-03-05T15:33:13.499Z"}}, {"model": "placesapp.place", "pk": 30, "fields": {"address": "Бурса", "longitude": "29.06", "latitude": "40.19", "update_at": "2023-03-06T09:04:50.532Z"}}, {"model": "placesapp.place", "pk": 31, "fields": {"address": "Ставрополь. Пирогова 5", "longitude": "41.92", "latitude": "45.02", "update_at": "2023-03-06T09:05:33.597Z"}}, {"model": "placesapp.place", "pk": 32, "fields": {"address": "Кулики", "longitude": null, "latitude": null, "update_at": "2023-03-06T11:15:32.068Z"}}, {"model": "placesapp.place", "pk": 33, "fields": {"address": "Ку", "longitude": null, "latitude": null, "update_at": "2023-03-06T11:16:27.472Z"}}, {"model": "placesapp.place", "pk": 34, "fields": {"address": "Казань", "longitude": null, "latitude": null, "update_at": "2023-03-06T11:20:53.528Z"}}, {"model": "placesapp.place", "pk": 35, "fields": {"address": "Казань, Бурхана Шахиди, 7", "longitude": "49.10", "latitude": "55.79", "update_at": "2023-03-06T11:21:54Z"}}, {"model": "placesapp.place", "pk": 36, "fields": {"address": "Казань, Тысячелетия, 2", "longitude": "49.10", "latitude": "55.80", "update_at": "2023-03-06T11:27:38.789Z"}}, {"model": "placesapp.place", "pk": 37, "fields": {"address": "Ставрополь Рогожникова 2", "longitude": "41.91", "latitude": "45.02", "update_at": "2023-03-06T11:31:56.945Z"}}, {"model": "placesapp.place", "pk": 38, "fields": {"address": "Москва, ул. Новый Арбат, 2", "longitude": "37.60", "latitude": "55.75", "update_at": "2023-03-10T16:03:35.935Z"}}, {"model": "placesapp.place", "pk": 39, "fields": {"address": "Москва, ул. Новый Арбат, 20", "longitude": "37.59", "latitude": "55.75", "update_at": "2023-03-10T16:05:14.248Z"}}, {"model": "placesapp.place", "pk": 40, "fields": {"address": "Москва Академика Королева 12", "longitude": "37.61", "latitude": "55.82", "update_at": "2023-03-10T16:13:27.608Z"}}, {"model": "placesapp.place", "pk": 41, "fields": {"address": "Москва Новый Арбат 2", "longitude": "37.60", "latitude": "55.75", "update_at": "2023-03-11T09:47:54.709Z"}}, {"model": "placesapp.place", "pk": 42, "fields": {"address": "Москва Красная Площадь", "longitude": "37.62", "latitude": "55.75", "update_at": "2023-03-11T09:48:53.308Z"}}, {"model": "placesapp.place", "pk": 43, "fields": {"address": "Куликовы Копани Садовый 14", "longitude": "43.56", "latitude": "45.32", "update_at": "2023-03-11T09:55:55.995Z"}}, {"model": "placesapp.place", "pk": 44, "fields": {"address": "Ставрополь Пирогова 5а корпус 6", "longitude": "41.91", "latitude": "45.02", "update_at": "2023-03-11T11:05:01.002Z"}}, {"model": "placesapp.place", "pk": 45, "fields": {"address": "цукцку", "longitude": null, "latitude": null, "update_at": "2023-03-11T11:14:02.871Z"}}, {"model": "placesapp.place", "pk": 46, "fields": {"address": "wdqewre", "longitude": null, "latitude": null, "update_at": "2023-03-11T11:14:54.448Z"}}, {"model": "placesapp.place", "pk": 47, "fields": {"address": "ewret", "longitude": null, "latitude": null, "update_at": "2023-03-11T11:15:46.075Z"}}, {"model": "placesapp.place", "pk": 48, "fields": {"address": "Москва, ул. Новый Арбат, 10", "longitude": "37.59", "latitude": "55.75", "update_at": "2023-03-11T11:17:03.528Z"}}, {"model": "placesapp.place", "pk": 49, "fields": {"address": "0Куликовы Копани переулок Садовы 10", "longitude": "37.91", "latitude": "45.02", "update_at": "2023-03-11T12:27:36.138Z"}}]